3♢,3♣,3♡,4♢,4♣
3♢,3♣,3♡,4♢,4♡
3♢,3♣,3♡,4♣,4♡
3♢,3♣,3♡,4♢,4♠
3♢,3♣,3♡,4♣,4♠
3♢,3♣,3♡,4♡,4♠
3♢,3♣,3♡,5♢,5♣
3♢,3♣,3♡,5♢,5♡
3♢,3♣,3♡,5♣,5♡
3♢,3♣,3♡,5♢,5♠
3♢,3♣,3♡,5♣,5♠
3♢,3♣,3♡,5♡,5♠
3♢,3♣,3♡,6♢,6♣
3♢,3♣,3♡,6♢,6♡
3♢,3♣,3♡,6♣,6♡
3♢,3♣,3♡,6♢,6♠
3♢,3♣,3♡,6♣,6♠
3♢,3♣,3♡,6♡,6♠
3♢,3♣,3♡,7♢,7♣
3♢,3♣,3♡,7♢,7♡
3♢,3♣,3♡,7♣,7♡
3♢,3♣,3♡,7♢,7♠
3♢,3♣,3♡,7♣,7♠
3♢,3♣,3♡,7♡,7♠
3♢,3♣,3♡,8♢,8♣
3♢,3♣,3♡,8♢,8♡
3♢,3♣,3♡,8♣,8♡
3♢,3♣,3♡,8♢,8♠
3♢,3♣,3♡,8♣,8♠
3♢,3♣,3♡,8♡,8♠
3♢,3♣,3♡,9♢,9♣
3♢,3♣,3♡,9♢,9♡
3♢,3♣,3♡,9♣,9♡
3♢,3♣,3♡,9♢,9♠
3♢,3♣,3♡,9♣,9♠
3♢,3♣,3♡,9♡,9♠
3♢,3♣,3♡,T♢,T♣
3♢,3♣,3♡,T♢,T♡
3♢,3♣,3♡,T♣,T♡
3♢,3♣,3♡,T♢,T♠
3♢,3♣,3♡,T♣,T♠
3♢,3♣,3♡,T♡,T♠
3♢,3♣,3♡,J♢,J♣
3♢,3♣,3♡,J♢,J♡
3♢,3♣,3♡,J♣,J♡
3♢,3♣,3♡,J♢,J♠
3♢,3♣,3♡,J♣,J♠
3♢,3♣,3♡,J♡,J♠
3♢,3♣,3♡,Q♢,Q♣
3♢,3♣,3♡,Q♢,Q♡
3♢,3♣,3♡,Q♣,Q♡
3♢,3♣,3♡,Q♢,Q♠
3♢,3♣,3♡,Q♣,Q♠
3♢,3♣,3♡,Q♡,Q♠
3♢,3♣,3♡,K♢,K♣
3♢,3♣,3♡,K♢,K♡
3♢,3♣,3♡,K♣,K♡
3♢,3♣,3♡,K♢,K♠
3♢,3♣,3♡,K♣,K♠
3♢,3♣,3♡,K♡,K♠
3♢,3♣,3♡,A♢,A♣
3♢,3♣,3♡,A♢,A♡
3♢,3♣,3♡,A♣,A♡
3♢,3♣,3♡,A♢,A♠
3♢,3♣,3♡,A♣,A♠
3♢,3♣,3♡,A♡,A♠
3♢,3♣,3♡,2♢,2♣
3♢,3♣,3♡,2♢,2♡
3♢,3♣,3♡,2♣,2♡
3♢,3♣,3♡,2♢,2♠
3♢,3♣,3♡,2♣,2♠
3♢,3♣,3♡,2♡,2♠
3♢,3♣,3♠,4♢,4♣
3♢,3♣,3♠,4♢,4♡
3♢,3♣,3♠,4♣,4♡
3♢,3♣,3♠,4♢,4♠
3♢,3♣,3♠,4♣,4♠
3♢,3♣,3♠,4♡,4♠
3♢,3♣,3♠,5♢,5♣
3♢,3♣,3♠,5♢,5♡
3♢,3♣,3♠,5♣,5♡
3♢,3♣,3♠,5♢,5♠
3♢,3♣,3♠,5♣,5♠
3♢,3♣,3♠,5♡,5♠
3♢,3♣,3♠,6♢,6♣
3♢,3♣,3♠,6♢,6♡
3♢,3♣,3♠,6♣,6♡
3♢,3♣,3♠,6♢,6♠
3♢,3♣,3♠,6♣,6♠
3♢,3♣,3♠,6♡,6♠
3♢,3♣,3♠,7♢,7♣
3♢,3♣,3♠,7♢,7♡
3♢,3♣,3♠,7♣,7♡
3♢,3♣,3♠,7♢,7♠
3♢,3♣,3♠,7♣,7♠
3♢,3♣,3♠,7♡,7♠
3♢,3♣,3♠,8♢,8♣
3♢,3♣,3♠,8♢,8♡
3♢,3♣,3♠,8♣,8♡
3♢,3♣,3♠,8♢,8♠
3♢,3♣,3♠,8♣,8♠
3♢,3♣,3♠,8♡,8♠
3♢,3♣,3♠,9♢,9♣
3♢,3♣,3♠,9♢,9♡
3♢,3♣,3♠,9♣,9♡
3♢,3♣,3♠,9♢,9♠
3♢,3♣,3♠,9♣,9♠
3♢,3♣,3♠,9♡,9♠
3♢,3♣,3♠,T♢,T♣
3♢,3♣,3♠,T♢,T♡
3♢,3♣,3♠,T♣,T♡
3♢,3♣,3♠,T♢,T♠
3♢,3♣,3♠,T♣,T♠
3♢,3♣,3♠,T♡,T♠
3♢,3♣,3♠,J♢,J♣
3♢,3♣,3♠,J♢,J♡
3♢,3♣,3♠,J♣,J♡
3♢,3♣,3♠,J♢,J♠
3♢,3♣,3♠,J♣,J♠
3♢,3♣,3♠,J♡,J♠
3♢,3♣,3♠,Q♢,Q♣
3♢,3♣,3♠,Q♢,Q♡
3♢,3♣,3♠,Q♣,Q♡
3♢,3♣,3♠,Q♢,Q♠
3♢,3♣,3♠,Q♣,Q♠
3♢,3♣,3♠,Q♡,Q♠
3♢,3♣,3♠,K♢,K♣
3♢,3♣,3♠,K♢,K♡
3♢,3♣,3♠,K♣,K♡
3♢,3♣,3♠,K♢,K♠
3♢,3♣,3♠,K♣,K♠
3♢,3♣,3♠,K♡,K♠
3♢,3♣,3♠,A♢,A♣
3♢,3♣,3♠,A♢,A♡
3♢,3♣,3♠,A♣,A♡
3♢,3♣,3♠,A♢,A♠
3♢,3♣,3♠,A♣,A♠
3♢,3♣,3♠,A♡,A♠
3♢,3♣,3♠,2♢,2♣
3♢,3♣,3♠,2♢,2♡
3♢,3♣,3♠,2♣,2♡
3♢,3♣,3♠,2♢,2♠
3♢,3♣,3♠,2♣,2♠
3♢,3♣,3♠,2♡,2♠
3♢,3♡,3♠,4♢,4♣
3♢,3♡,3♠,4♢,4♡
3♢,3♡,3♠,4♣,4♡
3♢,3♡,3♠,4♢,4♠
3♢,3♡,3♠,4♣,4♠
3♢,3♡,3♠,4♡,4♠
3♢,3♡,3♠,5♢,5♣
3♢,3♡,3♠,5♢,5♡
3♢,3♡,3♠,5♣,5♡
3♢,3♡,3♠,5♢,5♠
3♢,3♡,3♠,5♣,5♠
3♢,3♡,3♠,5♡,5♠
3♢,3♡,3♠,6♢,6♣
3♢,3♡,3♠,6♢,6♡
3♢,3♡,3♠,6♣,6♡
3♢,3♡,3♠,6♢,6♠
3♢,3♡,3♠,6♣,6♠
3♢,3♡,3♠,6♡,6♠
3♢,3♡,3♠,7♢,7♣
3♢,3♡,3♠,7♢,7♡
3♢,3♡,3♠,7♣,7♡
3♢,3♡,3♠,7♢,7♠
3♢,3♡,3♠,7♣,7♠
3♢,3♡,3♠,7♡,7♠
3♢,3♡,3♠,8♢,8♣
3♢,3♡,3♠,8♢,8♡
3♢,3♡,3♠,8♣,8♡
3♢,3♡,3♠,8♢,8♠
3♢,3♡,3♠,8♣,8♠
3♢,3♡,3♠,8♡,8♠
3♢,3♡,3♠,9♢,9♣
3♢,3♡,3♠,9♢,9♡
3♢,3♡,3♠,9♣,9♡
3♢,3♡,3♠,9♢,9♠
3♢,3♡,3♠,9♣,9♠
3♢,3♡,3♠,9♡,9♠
3♢,3♡,3♠,T♢,T♣
3♢,3♡,3♠,T♢,T♡
3♢,3♡,3♠,T♣,T♡
3♢,3♡,3♠,T♢,T♠
3♢,3♡,3♠,T♣,T♠
3♢,3♡,3♠,T♡,T♠
3♢,3♡,3♠,J♢,J♣
3♢,3♡,3♠,J♢,J♡
3♢,3♡,3♠,J♣,J♡
3♢,3♡,3♠,J♢,J♠
3♢,3♡,3♠,J♣,J♠
3♢,3♡,3♠,J♡,J♠
3♢,3♡,3♠,Q♢,Q♣
3♢,3♡,3♠,Q♢,Q♡
3♢,3♡,3♠,Q♣,Q♡
3♢,3♡,3♠,Q♢,Q♠
3♢,3♡,3♠,Q♣,Q♠
3♢,3♡,3♠,Q♡,Q♠
3♢,3♡,3♠,K♢,K♣
3♢,3♡,3♠,K♢,K♡
3♢,3♡,3♠,K♣,K♡
3♢,3♡,3♠,K♢,K♠
3♢,3♡,3♠,K♣,K♠
3♢,3♡,3♠,K♡,K♠
3♢,3♡,3♠,A♢,A♣
3♢,3♡,3♠,A♢,A♡
3♢,3♡,3♠,A♣,A♡
3♢,3♡,3♠,A♢,A♠
3♢,3♡,3♠,A♣,A♠
3♢,3♡,3♠,A♡,A♠
3♢,3♡,3♠,2♢,2♣
3♢,3♡,3♠,2♢,2♡
3♢,3♡,3♠,2♣,2♡
3♢,3♡,3♠,2♢,2♠
3♢,3♡,3♠,2♣,2♠
3♢,3♡,3♠,2♡,2♠
3♣,3♡,3♠,4♢,4♣
3♣,3♡,3♠,4♢,4♡
3♣,3♡,3♠,4♣,4♡
3♣,3♡,3♠,4♢,4♠
3♣,3♡,3♠,4♣,4♠
3♣,3♡,3♠,4♡,4♠
3♣,3♡,3♠,5♢,5♣
3♣,3♡,3♠,5♢,5♡
3♣,3♡,3♠,5♣,5♡
3♣,3♡,3♠,5♢,5♠
3♣,3♡,3♠,5♣,5♠
3♣,3♡,3♠,5♡,5♠
3♣,3♡,3♠,6♢,6♣
3♣,3♡,3♠,6♢,6♡
3♣,3♡,3♠,6♣,6♡
3♣,3♡,3♠,6♢,6♠
3♣,3♡,3♠,6♣,6♠
3♣,3♡,3♠,6♡,6♠
3♣,3♡,3♠,7♢,7♣
3♣,3♡,3♠,7♢,7♡
3♣,3♡,3♠,7♣,7♡
3♣,3♡,3♠,7♢,7♠
3♣,3♡,3♠,7♣,7♠
3♣,3♡,3♠,7♡,7♠
3♣,3♡,3♠,8♢,8♣
3♣,3♡,3♠,8♢,8♡
3♣,3♡,3♠,8♣,8♡
3♣,3♡,3♠,8♢,8♠
3♣,3♡,3♠,8♣,8♠
3♣,3♡,3♠,8♡,8♠
3♣,3♡,3♠,9♢,9♣
3♣,3♡,3♠,9♢,9♡
3♣,3♡,3♠,9♣,9♡
3♣,3♡,3♠,9♢,9♠
3♣,3♡,3♠,9♣,9♠
3♣,3♡,3♠,9♡,9♠
3♣,3♡,3♠,T♢,T♣
3♣,3♡,3♠,T♢,T♡
3♣,3♡,3♠,T♣,T♡
3♣,3♡,3♠,T♢,T♠
3♣,3♡,3♠,T♣,T♠
3♣,3♡,3♠,T♡,T♠
3♣,3♡,3♠,J♢,J♣
3♣,3♡,3♠,J♢,J♡
3♣,3♡,3♠,J♣,J♡
3♣,3♡,3♠,J♢,J♠
3♣,3♡,3♠,J♣,J♠
3♣,3♡,3♠,J♡,J♠
3♣,3♡,3♠,Q♢,Q♣
3♣,3♡,3♠,Q♢,Q♡
3♣,3♡,3♠,Q♣,Q♡
3♣,3♡,3♠,Q♢,Q♠
3♣,3♡,3♠,Q♣,Q♠
3♣,3♡,3♠,Q♡,Q♠
3♣,3♡,3♠,K♢,K♣
3♣,3♡,3♠,K♢,K♡
3♣,3♡,3♠,K♣,K♡
3♣,3♡,3♠,K♢,K♠
3♣,3♡,3♠,K♣,K♠
3♣,3♡,3♠,K♡,K♠
3♣,3♡,3♠,A♢,A♣
3♣,3♡,3♠,A♢,A♡
3♣,3♡,3♠,A♣,A♡
3♣,3♡,3♠,A♢,A♠
3♣,3♡,3♠,A♣,A♠
3♣,3♡,3♠,A♡,A♠
3♣,3♡,3♠,2♢,2♣
3♣,3♡,3♠,2♢,2♡
3♣,3♡,3♠,2♣,2♡
3♣,3♡,3♠,2♢,2♠
3♣,3♡,3♠,2♣,2♠
3♣,3♡,3♠,2♡,2♠
3♢,3♣,4♢,4♣,4♡
3♢,3♡,4♢,4♣,4♡
3♣,3♡,4♢,4♣,4♡
3♢,3♠,4♢,4♣,4♡
3♣,3♠,4♢,4♣,4♡
3♡,3♠,4♢,4♣,4♡
4♢,4♣,4♡,5♢,5♣
4♢,4♣,4♡,5♢,5♡
4♢,4♣,4♡,5♣,5♡
4♢,4♣,4♡,5♢,5♠
4♢,4♣,4♡,5♣,5♠
4♢,4♣,4♡,5♡,5♠
4♢,4♣,4♡,6♢,6♣
4♢,4♣,4♡,6♢,6♡
4♢,4♣,4♡,6♣,6♡
4♢,4♣,4♡,6♢,6♠
4♢,4♣,4♡,6♣,6♠
4♢,4♣,4♡,6♡,6♠
4♢,4♣,4♡,7♢,7♣
4♢,4♣,4♡,7♢,7♡
4♢,4♣,4♡,7♣,7♡
4♢,4♣,4♡,7♢,7♠
4♢,4♣,4♡,7♣,7♠
4♢,4♣,4♡,7♡,7♠
4♢,4♣,4♡,8♢,8♣
4♢,4♣,4♡,8♢,8♡
4♢,4♣,4♡,8♣,8♡
4♢,4♣,4♡,8♢,8♠
4♢,4♣,4♡,8♣,8♠
4♢,4♣,4♡,8♡,8♠
4♢,4♣,4♡,9♢,9♣
4♢,4♣,4♡,9♢,9♡
4♢,4♣,4♡,9♣,9♡
4♢,4♣,4♡,9♢,9♠
4♢,4♣,4♡,9♣,9♠
4♢,4♣,4♡,9♡,9♠
4♢,4♣,4♡,T♢,T♣
4♢,4♣,4♡,T♢,T♡
4♢,4♣,4♡,T♣,T♡
4♢,4♣,4♡,T♢,T♠
4♢,4♣,4♡,T♣,T♠
4♢,4♣,4♡,T♡,T♠
4♢,4♣,4♡,J♢,J♣
4♢,4♣,4♡,J♢,J♡
4♢,4♣,4♡,J♣,J♡
4♢,4♣,4♡,J♢,J♠
4♢,4♣,4♡,J♣,J♠
4♢,4♣,4♡,J♡,J♠
4♢,4♣,4♡,Q♢,Q♣
4♢,4♣,4♡,Q♢,Q♡
4♢,4♣,4♡,Q♣,Q♡
4♢,4♣,4♡,Q♢,Q♠
4♢,4♣,4♡,Q♣,Q♠
4♢,4♣,4♡,Q♡,Q♠
4♢,4♣,4♡,K♢,K♣
4♢,4♣,4♡,K♢,K♡
4♢,4♣,4♡,K♣,K♡
4♢,4♣,4♡,K♢,K♠
4♢,4♣,4♡,K♣,K♠
4♢,4♣,4♡,K♡,K♠
4♢,4♣,4♡,A♢,A♣
4♢,4♣,4♡,A♢,A♡
4♢,4♣,4♡,A♣,A♡
4♢,4♣,4♡,A♢,A♠
4♢,4♣,4♡,A♣,A♠
4♢,4♣,4♡,A♡,A♠
4♢,4♣,4♡,2♢,2♣
4♢,4♣,4♡,2♢,2♡
4♢,4♣,4♡,2♣,2♡
4♢,4♣,4♡,2♢,2♠
4♢,4♣,4♡,2♣,2♠
4♢,4♣,4♡,2♡,2♠
3♢,3♣,4♢,4♣,4♠
3♢,3♡,4♢,4♣,4♠
3♣,3♡,4♢,4♣,4♠
3♢,3♠,4♢,4♣,4♠
3♣,3♠,4♢,4♣,4♠
3♡,3♠,4♢,4♣,4♠
4♢,4♣,4♠,5♢,5♣
4♢,4♣,4♠,5♢,5♡
4♢,4♣,4♠,5♣,5♡
4♢,4♣,4♠,5♢,5♠
4♢,4♣,4♠,5♣,5♠
4♢,4♣,4♠,5♡,5♠
4♢,4♣,4♠,6♢,6♣
4♢,4♣,4♠,6♢,6♡
4♢,4♣,4♠,6♣,6♡
4♢,4♣,4♠,6♢,6♠
4♢,4♣,4♠,6♣,6♠
4♢,4♣,4♠,6♡,6♠
4♢,4♣,4♠,7♢,7♣
4♢,4♣,4♠,7♢,7♡
4♢,4♣,4♠,7♣,7♡
4♢,4♣,4♠,7♢,7♠
4♢,4♣,4♠,7♣,7♠
4♢,4♣,4♠,7♡,7♠
4♢,4♣,4♠,8♢,8♣
4♢,4♣,4♠,8♢,8♡
4♢,4♣,4♠,8♣,8♡
4♢,4♣,4♠,8♢,8♠
4♢,4♣,4♠,8♣,8♠
4♢,4♣,4♠,8♡,8♠
4♢,4♣,4♠,9♢,9♣
4♢,4♣,4♠,9♢,9♡
4♢,4♣,4♠,9♣,9♡
4♢,4♣,4♠,9♢,9♠
4♢,4♣,4♠,9♣,9♠
4♢,4♣,4♠,9♡,9♠
4♢,4♣,4♠,T♢,T♣
4♢,4♣,4♠,T♢,T♡
4♢,4♣,4♠,T♣,T♡
4♢,4♣,4♠,T♢,T♠
4♢,4♣,4♠,T♣,T♠
4♢,4♣,4♠,T♡,T♠
4♢,4♣,4♠,J♢,J♣
4♢,4♣,4♠,J♢,J♡
4♢,4♣,4♠,J♣,J♡
4♢,4♣,4♠,J♢,J♠
4♢,4♣,4♠,J♣,J♠
4♢,4♣,4♠,J♡,J♠
4♢,4♣,4♠,Q♢,Q♣
4♢,4♣,4♠,Q♢,Q♡
4♢,4♣,4♠,Q♣,Q♡
4♢,4♣,4♠,Q♢,Q♠
4♢,4♣,4♠,Q♣,Q♠
4♢,4♣,4♠,Q♡,Q♠
4♢,4♣,4♠,K♢,K♣
4♢,4♣,4♠,K♢,K♡
4♢,4♣,4♠,K♣,K♡
4♢,4♣,4♠,K♢,K♠
4♢,4♣,4♠,K♣,K♠
4♢,4♣,4♠,K♡,K♠
4♢,4♣,4♠,A♢,A♣
4♢,4♣,4♠,A♢,A♡
4♢,4♣,4♠,A♣,A♡
4♢,4♣,4♠,A♢,A♠
4♢,4♣,4♠,A♣,A♠
4♢,4♣,4♠,A♡,A♠
4♢,4♣,4♠,2♢,2♣
4♢,4♣,4♠,2♢,2♡
4♢,4♣,4♠,2♣,2♡
4♢,4♣,4♠,2♢,2♠
4♢,4♣,4♠,2♣,2♠
4♢,4♣,4♠,2♡,2♠
3♢,3♣,4♢,4♡,4♠
3♢,3♡,4♢,4♡,4♠
3♣,3♡,4♢,4♡,4♠
3♢,3♠,4♢,4♡,4♠
3♣,3♠,4♢,4♡,4♠
3♡,3♠,4♢,4♡,4♠
4♢,4♡,4♠,5♢,5♣
4♢,4♡,4♠,5♢,5♡
4♢,4♡,4♠,5♣,5♡
4♢,4♡,4♠,5♢,5♠
4♢,4♡,4♠,5♣,5♠
4♢,4♡,4♠,5♡,5♠
4♢,4♡,4♠,6♢,6♣
4♢,4♡,4♠,6♢,6♡
4♢,4♡,4♠,6♣,6♡
4♢,4♡,4♠,6♢,6♠
4♢,4♡,4♠,6♣,6♠
4♢,4♡,4♠,6♡,6♠
4♢,4♡,4♠,7♢,7♣
4♢,4♡,4♠,7♢,7♡
4♢,4♡,4♠,7♣,7♡
4♢,4♡,4♠,7♢,7♠
4♢,4♡,4♠,7♣,7♠
4♢,4♡,4♠,7♡,7♠
4♢,4♡,4♠,8♢,8♣
4♢,4♡,4♠,8♢,8♡
4♢,4♡,4♠,8♣,8♡
4♢,4♡,4♠,8♢,8♠
4♢,4♡,4♠,8♣,8♠
4♢,4♡,4♠,8♡,8♠
4♢,4♡,4♠,9♢,9♣
4♢,4♡,4♠,9♢,9♡
4♢,4♡,4♠,9♣,9♡
4♢,4♡,4♠,9♢,9♠
4♢,4♡,4♠,9♣,9♠
4♢,4♡,4♠,9♡,9♠
4♢,4♡,4♠,T♢,T♣
4♢,4♡,4♠,T♢,T♡
4♢,4♡,4♠,T♣,T♡
4♢,4♡,4♠,T♢,T♠
4♢,4♡,4♠,T♣,T♠
4♢,4♡,4♠,T♡,T♠
4♢,4♡,4♠,J♢,J♣
4♢,4♡,4♠,J♢,J♡
4♢,4♡,4♠,J♣,J♡
4♢,4♡,4♠,J♢,J♠
4♢,4♡,4♠,J♣,J♠
4♢,4♡,4♠,J♡,J♠
4♢,4♡,4♠,Q♢,Q♣
4♢,4♡,4♠,Q♢,Q♡
4♢,4♡,4♠,Q♣,Q♡
4♢,4♡,4♠,Q♢,Q♠
4♢,4♡,4♠,Q♣,Q♠
4♢,4♡,4♠,Q♡,Q♠
4♢,4♡,4♠,K♢,K♣
4♢,4♡,4♠,K♢,K♡
4♢,4♡,4♠,K♣,K♡
4♢,4♡,4♠,K♢,K♠
4♢,4♡,4♠,K♣,K♠
4♢,4♡,4♠,K♡,K♠
4♢,4♡,4♠,A♢,A♣
4♢,4♡,4♠,A♢,A♡
4♢,4♡,4♠,A♣,A♡
4♢,4♡,4♠,A♢,A♠
4♢,4♡,4♠,A♣,A♠
4♢,4♡,4♠,A♡,A♠
4♢,4♡,4♠,2♢,2♣
4♢,4♡,4♠,2♢,2♡
4♢,4♡,4♠,2♣,2♡
4♢,4♡,4♠,2♢,2♠
4♢,4♡,4♠,2♣,2♠
4♢,4♡,4♠,2♡,2♠
3♢,3♣,4♣,4♡,4♠
3♢,3♡,4♣,4♡,4♠
3♣,3♡,4♣,4♡,4♠
3♢,3♠,4♣,4♡,4♠
3♣,3♠,4♣,4♡,4♠
3♡,3♠,4♣,4♡,4♠
4♣,4♡,4♠,5♢,5♣
4♣,4♡,4♠,5♢,5♡
4♣,4♡,4♠,5♣,5♡
4♣,4♡,4♠,5♢,5♠
4♣,4♡,4♠,5♣,5♠
4♣,4♡,4♠,5♡,5♠
4♣,4♡,4♠,6♢,6♣
4♣,4♡,4♠,6♢,6♡
4♣,4♡,4♠,6♣,6♡
4♣,4♡,4♠,6♢,6♠
4♣,4♡,4♠,6♣,6♠
4♣,4♡,4♠,6♡,6♠
4♣,4♡,4♠,7♢,7♣
4♣,4♡,4♠,7♢,7♡
4♣,4♡,4♠,7♣,7♡
4♣,4♡,4♠,7♢,7♠
4♣,4♡,4♠,7♣,7♠
4♣,4♡,4♠,7♡,7♠
4♣,4♡,4♠,8♢,8♣
4♣,4♡,4♠,8♢,8♡
4♣,4♡,4♠,8♣,8♡
4♣,4♡,4♠,8♢,8♠
4♣,4♡,4♠,8♣,8♠
4♣,4♡,4♠,8♡,8♠
4♣,4♡,4♠,9♢,9♣
4♣,4♡,4♠,9♢,9♡
4♣,4♡,4♠,9♣,9♡
4♣,4♡,4♠,9♢,9♠
4♣,4♡,4♠,9♣,9♠
4♣,4♡,4♠,9♡,9♠
4♣,4♡,4♠,T♢,T♣
4♣,4♡,4♠,T♢,T♡
4♣,4♡,4♠,T♣,T♡
4♣,4♡,4♠,T♢,T♠
4♣,4♡,4♠,T♣,T♠
4♣,4♡,4♠,T♡,T♠
4♣,4♡,4♠,J♢,J♣
4♣,4♡,4♠,J♢,J♡
4♣,4♡,4♠,J♣,J♡
4♣,4♡,4♠,J♢,J♠
4♣,4♡,4♠,J♣,J♠
4♣,4♡,4♠,J♡,J♠
4♣,4♡,4♠,Q♢,Q♣
4♣,4♡,4♠,Q♢,Q♡
4♣,4♡,4♠,Q♣,Q♡
4♣,4♡,4♠,Q♢,Q♠
4♣,4♡,4♠,Q♣,Q♠
4♣,4♡,4♠,Q♡,Q♠
4♣,4♡,4♠,K♢,K♣
4♣,4♡,4♠,K♢,K♡
4♣,4♡,4♠,K♣,K♡
4♣,4♡,4♠,K♢,K♠
4♣,4♡,4♠,K♣,K♠
4♣,4♡,4♠,K♡,K♠
4♣,4♡,4♠,A♢,A♣
4♣,4♡,4♠,A♢,A♡
4♣,4♡,4♠,A♣,A♡
4♣,4♡,4♠,A♢,A♠
4♣,4♡,4♠,A♣,A♠
4♣,4♡,4♠,A♡,A♠
4♣,4♡,4♠,2♢,2♣
4♣,4♡,4♠,2♢,2♡
4♣,4♡,4♠,2♣,2♡
4♣,4♡,4♠,2♢,2♠
4♣,4♡,4♠,2♣,2♠
4♣,4♡,4♠,2♡,2♠
3♢,3♣,5♢,5♣,5♡
3♢,3♡,5♢,5♣,5♡
3♣,3♡,5♢,5♣,5♡
3♢,3♠,5♢,5♣,5♡
3♣,3♠,5♢,5♣,5♡
3♡,3♠,5♢,5♣,5♡
4♢,4♣,5♢,5♣,5♡
4♢,4♡,5♢,5♣,5♡
4♣,4♡,5♢,5♣,5♡
4♢,4♠,5♢,5♣,5♡
4♣,4♠,5♢,5♣,5♡
4♡,4♠,5♢,5♣,5♡
5♢,5♣,5♡,6♢,6♣
5♢,5♣,5♡,6♢,6♡
5♢,5♣,5♡,6♣,6♡
5♢,5♣,5♡,6♢,6♠
5♢,5♣,5♡,6♣,6♠
5♢,5♣,5♡,6♡,6♠
5♢,5♣,5♡,7♢,7♣
5♢,5♣,5♡,7♢,7♡
5♢,5♣,5♡,7♣,7♡
5♢,5♣,5♡,7♢,7♠
5♢,5♣,5♡,7♣,7♠
5♢,5♣,5♡,7♡,7♠
5♢,5♣,5♡,8♢,8♣
5♢,5♣,5♡,8♢,8♡
5♢,5♣,5♡,8♣,8♡
5♢,5♣,5♡,8♢,8♠
5♢,5♣,5♡,8♣,8♠
5♢,5♣,5♡,8♡,8♠
5♢,5♣,5♡,9♢,9♣
5♢,5♣,5♡,9♢,9♡
5♢,5♣,5♡,9♣,9♡
5♢,5♣,5♡,9♢,9♠
5♢,5♣,5♡,9♣,9♠
5♢,5♣,5♡,9♡,9♠
5♢,5♣,5♡,T♢,T♣
5♢,5♣,5♡,T♢,T♡
5♢,5♣,5♡,T♣,T♡
5♢,5♣,5♡,T♢,T♠
5♢,5♣,5♡,T♣,T♠
5♢,5♣,5♡,T♡,T♠
5♢,5♣,5♡,J♢,J♣
5♢,5♣,5♡,J♢,J♡
5♢,5♣,5♡,J♣,J♡
5♢,5♣,5♡,J♢,J♠
5♢,5♣,5♡,J♣,J♠
5♢,5♣,5♡,J♡,J♠
5♢,5♣,5♡,Q♢,Q♣
5♢,5♣,5♡,Q♢,Q♡
5♢,5♣,5♡,Q♣,Q♡
5♢,5♣,5♡,Q♢,Q♠
5♢,5♣,5♡,Q♣,Q♠
5♢,5♣,5♡,Q♡,Q♠
5♢,5♣,5♡,K♢,K♣
5♢,5♣,5♡,K♢,K♡
5♢,5♣,5♡,K♣,K♡
5♢,5♣,5♡,K♢,K♠
5♢,5♣,5♡,K♣,K♠
5♢,5♣,5♡,K♡,K♠
5♢,5♣,5♡,A♢,A♣
5♢,5♣,5♡,A♢,A♡
5♢,5♣,5♡,A♣,A♡
5♢,5♣,5♡,A♢,A♠
5♢,5♣,5♡,A♣,A♠
5♢,5♣,5♡,A♡,A♠
5♢,5♣,5♡,2♢,2♣
5♢,5♣,5♡,2♢,2♡
5♢,5♣,5♡,2♣,2♡
5♢,5♣,5♡,2♢,2♠
5♢,5♣,5♡,2♣,2♠
5♢,5♣,5♡,2♡,2♠
3♢,3♣,5♢,5♣,5♠
3♢,3♡,5♢,5♣,5♠
3♣,3♡,5♢,5♣,5♠
3♢,3♠,5♢,5♣,5♠
3♣,3♠,5♢,5♣,5♠
3♡,3♠,5♢,5♣,5♠
4♢,4♣,5♢,5♣,5♠
4♢,4♡,5♢,5♣,5♠
4♣,4♡,5♢,5♣,5♠
4♢,4♠,5♢,5♣,5♠
4♣,4♠,5♢,5♣,5♠
4♡,4♠,5♢,5♣,5♠
5♢,5♣,5♠,6♢,6♣
5♢,5♣,5♠,6♢,6♡
5♢,5♣,5♠,6♣,6♡
5♢,5♣,5♠,6♢,6♠
5♢,5♣,5♠,6♣,6♠
5♢,5♣,5♠,6♡,6♠
5♢,5♣,5♠,7♢,7♣
5♢,5♣,5♠,7♢,7♡
5♢,5♣,5♠,7♣,7♡
5♢,5♣,5♠,7♢,7♠
5♢,5♣,5♠,7♣,7♠
5♢,5♣,5♠,7♡,7♠
5♢,5♣,5♠,8♢,8♣
5♢,5♣,5♠,8♢,8♡
5♢,5♣,5♠,8♣,8♡
5♢,5♣,5♠,8♢,8♠
5♢,5♣,5♠,8♣,8♠
5♢,5♣,5♠,8♡,8♠
5♢,5♣,5♠,9♢,9♣
5♢,5♣,5♠,9♢,9♡
5♢,5♣,5♠,9♣,9♡
5♢,5♣,5♠,9♢,9♠
5♢,5♣,5♠,9♣,9♠
5♢,5♣,5♠,9♡,9♠
5♢,5♣,5♠,T♢,T♣
5♢,5♣,5♠,T♢,T♡
5♢,5♣,5♠,T♣,T♡
5♢,5♣,5♠,T♢,T♠
5♢,5♣,5♠,T♣,T♠
5♢,5♣,5♠,T♡,T♠
5♢,5♣,5♠,J♢,J♣
5♢,5♣,5♠,J♢,J♡
5♢,5♣,5♠,J♣,J♡
5♢,5♣,5♠,J♢,J♠
5♢,5♣,5♠,J♣,J♠
5♢,5♣,5♠,J♡,J♠
5♢,5♣,5♠,Q♢,Q♣
5♢,5♣,5♠,Q♢,Q♡
5♢,5♣,5♠,Q♣,Q♡
5♢,5♣,5♠,Q♢,Q♠
5♢,5♣,5♠,Q♣,Q♠
5♢,5♣,5♠,Q♡,Q♠
5♢,5♣,5♠,K♢,K♣
5♢,5♣,5♠,K♢,K♡
5♢,5♣,5♠,K♣,K♡
5♢,5♣,5♠,K♢,K♠
5♢,5♣,5♠,K♣,K♠
5♢,5♣,5♠,K♡,K♠
5♢,5♣,5♠,A♢,A♣
5♢,5♣,5♠,A♢,A♡
5♢,5♣,5♠,A♣,A♡
5♢,5♣,5♠,A♢,A♠
5♢,5♣,5♠,A♣,A♠
5♢,5♣,5♠,A♡,A♠
5♢,5♣,5♠,2♢,2♣
5♢,5♣,5♠,2♢,2♡
5♢,5♣,5♠,2♣,2♡
5♢,5♣,5♠,2♢,2♠
5♢,5♣,5♠,2♣,2♠
5♢,5♣,5♠,2♡,2♠
3♢,3♣,5♢,5♡,5♠
3♢,3♡,5♢,5♡,5♠
3♣,3♡,5♢,5♡,5♠
3♢,3♠,5♢,5♡,5♠
3♣,3♠,5♢,5♡,5♠
3♡,3♠,5♢,5♡,5♠
4♢,4♣,5♢,5♡,5♠
4♢,4♡,5♢,5♡,5♠
4♣,4♡,5♢,5♡,5♠
4♢,4♠,5♢,5♡,5♠
4♣,4♠,5♢,5♡,5♠
4♡,4♠,5♢,5♡,5♠
5♢,5♡,5♠,6♢,6♣
5♢,5♡,5♠,6♢,6♡
5♢,5♡,5♠,6♣,6♡
5♢,5♡,5♠,6♢,6♠
5♢,5♡,5♠,6♣,6♠
5♢,5♡,5♠,6♡,6♠
5♢,5♡,5♠,7♢,7♣
5♢,5♡,5♠,7♢,7♡
5♢,5♡,5♠,7♣,7♡
5♢,5♡,5♠,7♢,7♠
5♢,5♡,5♠,7♣,7♠
5♢,5♡,5♠,7♡,7♠
5♢,5♡,5♠,8♢,8♣
5♢,5♡,5♠,8♢,8♡
5♢,5♡,5♠,8♣,8♡
5♢,5♡,5♠,8♢,8♠
5♢,5♡,5♠,8♣,8♠
5♢,5♡,5♠,8♡,8♠
5♢,5♡,5♠,9♢,9♣
5♢,5♡,5♠,9♢,9♡
5♢,5♡,5♠,9♣,9♡
5♢,5♡,5♠,9♢,9♠
5♢,5♡,5♠,9♣,9♠
5♢,5♡,5♠,9♡,9♠
5♢,5♡,5♠,T♢,T♣
5♢,5♡,5♠,T♢,T♡
5♢,5♡,5♠,T♣,T♡
5♢,5♡,5♠,T♢,T♠
5♢,5♡,5♠,T♣,T♠
5♢,5♡,5♠,T♡,T♠
5♢,5♡,5♠,J♢,J♣
5♢,5♡,5♠,J♢,J♡
5♢,5♡,5♠,J♣,J♡
5♢,5♡,5♠,J♢,J♠
5♢,5♡,5♠,J♣,J♠
5♢,5♡,5♠,J♡,J♠
5♢,5♡,5♠,Q♢,Q♣
5♢,5♡,5♠,Q♢,Q♡
5♢,5♡,5♠,Q♣,Q♡
5♢,5♡,5♠,Q♢,Q♠
5♢,5♡,5♠,Q♣,Q♠
5♢,5♡,5♠,Q♡,Q♠
5♢,5♡,5♠,K♢,K♣
5♢,5♡,5♠,K♢,K♡
5♢,5♡,5♠,K♣,K♡
5♢,5♡,5♠,K♢,K♠
5♢,5♡,5♠,K♣,K♠
5♢,5♡,5♠,K♡,K♠
5♢,5♡,5♠,A♢,A♣
5♢,5♡,5♠,A♢,A♡
5♢,5♡,5♠,A♣,A♡
5♢,5♡,5♠,A♢,A♠
5♢,5♡,5♠,A♣,A♠
5♢,5♡,5♠,A♡,A♠
5♢,5♡,5♠,2♢,2♣
5♢,5♡,5♠,2♢,2♡
5♢,5♡,5♠,2♣,2♡
5♢,5♡,5♠,2♢,2♠
5♢,5♡,5♠,2♣,2♠
5♢,5♡,5♠,2♡,2♠
3♢,3♣,5♣,5♡,5♠
3♢,3♡,5♣,5♡,5♠
3♣,3♡,5♣,5♡,5♠
3♢,3♠,5♣,5♡,5♠
3♣,3♠,5♣,5♡,5♠
3♡,3♠,5♣,5♡,5♠
4♢,4♣,5♣,5♡,5♠
4♢,4♡,5♣,5♡,5♠
4♣,4♡,5♣,5♡,5♠
4♢,4♠,5♣,5♡,5♠
4♣,4♠,5♣,5♡,5♠
4♡,4♠,5♣,5♡,5♠
5♣,5♡,5♠,6♢,6♣
5♣,5♡,5♠,6♢,6♡
5♣,5♡,5♠,6♣,6♡
5♣,5♡,5♠,6♢,6♠
5♣,5♡,5♠,6♣,6♠
5♣,5♡,5♠,6♡,6♠
5♣,5♡,5♠,7♢,7♣
5♣,5♡,5♠,7♢,7♡
5♣,5♡,5♠,7♣,7♡
5♣,5♡,5♠,7♢,7♠
5♣,5♡,5♠,7♣,7♠
5♣,5♡,5♠,7♡,7♠
5♣,5♡,5♠,8♢,8♣
5♣,5♡,5♠,8♢,8♡
5♣,5♡,5♠,8♣,8♡
5♣,5♡,5♠,8♢,8♠
5♣,5♡,5♠,8♣,8♠
5♣,5♡,5♠,8♡,8♠
5♣,5♡,5♠,9♢,9♣
5♣,5♡,5♠,9♢,9♡
5♣,5♡,5♠,9♣,9♡
5♣,5♡,5♠,9♢,9♠
5♣,5♡,5♠,9♣,9♠
5♣,5♡,5♠,9♡,9♠
5♣,5♡,5♠,T♢,T♣
5♣,5♡,5♠,T♢,T♡
5♣,5♡,5♠,T♣,T♡
5♣,5♡,5♠,T♢,T♠
5♣,5♡,5♠,T♣,T♠
5♣,5♡,5♠,T♡,T♠
5♣,5♡,5♠,J♢,J♣
5♣,5♡,5♠,J♢,J♡
5♣,5♡,5♠,J♣,J♡
5♣,5♡,5♠,J♢,J♠
5♣,5♡,5♠,J♣,J♠
5♣,5♡,5♠,J♡,J♠
5♣,5♡,5♠,Q♢,Q♣
5♣,5♡,5♠,Q♢,Q♡
5♣,5♡,5♠,Q♣,Q♡
5♣,5♡,5♠,Q♢,Q♠
5♣,5♡,5♠,Q♣,Q♠
5♣,5♡,5♠,Q♡,Q♠
5♣,5♡,5♠,K♢,K♣
5♣,5♡,5♠,K♢,K♡
5♣,5♡,5♠,K♣,K♡
5♣,5♡,5♠,K♢,K♠
5♣,5♡,5♠,K♣,K♠
5♣,5♡,5♠,K♡,K♠
5♣,5♡,5♠,A♢,A♣
5♣,5♡,5♠,A♢,A♡
5♣,5♡,5♠,A♣,A♡
5♣,5♡,5♠,A♢,A♠
5♣,5♡,5♠,A♣,A♠
5♣,5♡,5♠,A♡,A♠
5♣,5♡,5♠,2♢,2♣
5♣,5♡,5♠,2♢,2♡
5♣,5♡,5♠,2♣,2♡
5♣,5♡,5♠,2♢,2♠
5♣,5♡,5♠,2♣,2♠
5♣,5♡,5♠,2♡,2♠
3♢,3♣,6♢,6♣,6♡
3♢,3♡,6♢,6♣,6♡
3♣,3♡,6♢,6♣,6♡
3♢,3♠,6♢,6♣,6♡
3♣,3♠,6♢,6♣,6♡
3♡,3♠,6♢,6♣,6♡
4♢,4♣,6♢,6♣,6♡
4♢,4♡,6♢,6♣,6♡
4♣,4♡,6♢,6♣,6♡
4♢,4♠,6♢,6♣,6♡
4♣,4♠,6♢,6♣,6♡
4♡,4♠,6♢,6♣,6♡
5♢,5♣,6♢,6♣,6♡
5♢,5♡,6♢,6♣,6♡
5♣,5♡,6♢,6♣,6♡
5♢,5♠,6♢,6♣,6♡
5♣,5♠,6♢,6♣,6♡
5♡,5♠,6♢,6♣,6♡
6♢,6♣,6♡,7♢,7♣
6♢,6♣,6♡,7♢,7♡
6♢,6♣,6♡,7♣,7♡
6♢,6♣,6♡,7♢,7♠
6♢,6♣,6♡,7♣,7♠
6♢,6♣,6♡,7♡,7♠
6♢,6♣,6♡,8♢,8♣
6♢,6♣,6♡,8♢,8♡
6♢,6♣,6♡,8♣,8♡
6♢,6♣,6♡,8♢,8♠
6♢,6♣,6♡,8♣,8♠
6♢,6♣,6♡,8♡,8♠
6♢,6♣,6♡,9♢,9♣
6♢,6♣,6♡,9♢,9♡
6♢,6♣,6♡,9♣,9♡
6♢,6♣,6♡,9♢,9♠
6♢,6♣,6♡,9♣,9♠
6♢,6♣,6♡,9♡,9♠
6♢,6♣,6♡,T♢,T♣
6♢,6♣,6♡,T♢,T♡
6♢,6♣,6♡,T♣,T♡
6♢,6♣,6♡,T♢,T♠
6♢,6♣,6♡,T♣,T♠
6♢,6♣,6♡,T♡,T♠
6♢,6♣,6♡,J♢,J♣
6♢,6♣,6♡,J♢,J♡
6♢,6♣,6♡,J♣,J♡
6♢,6♣,6♡,J♢,J♠
6♢,6♣,6♡,J♣,J♠
6♢,6♣,6♡,J♡,J♠
6♢,6♣,6♡,Q♢,Q♣
6♢,6♣,6♡,Q♢,Q♡
6♢,6♣,6♡,Q♣,Q♡
6♢,6♣,6♡,Q♢,Q♠
6♢,6♣,6♡,Q♣,Q♠
6♢,6♣,6♡,Q♡,Q♠
6♢,6♣,6♡,K♢,K♣
6♢,6♣,6♡,K♢,K♡
6♢,6♣,6♡,K♣,K♡
6♢,6♣,6♡,K♢,K♠
6♢,6♣,6♡,K♣,K♠
6♢,6♣,6♡,K♡,K♠
6♢,6♣,6♡,A♢,A♣
6♢,6♣,6♡,A♢,A♡
6♢,6♣,6♡,A♣,A♡
6♢,6♣,6♡,A♢,A♠
6♢,6♣,6♡,A♣,A♠
6♢,6♣,6♡,A♡,A♠
6♢,6♣,6♡,2♢,2♣
6♢,6♣,6♡,2♢,2♡
6♢,6♣,6♡,2♣,2♡
6♢,6♣,6♡,2♢,2♠
6♢,6♣,6♡,2♣,2♠
6♢,6♣,6♡,2♡,2♠
3♢,3♣,6♢,6♣,6♠
3♢,3♡,6♢,6♣,6♠
3♣,3♡,6♢,6♣,6♠
3♢,3♠,6♢,6♣,6♠
3♣,3♠,6♢,6♣,6♠
3♡,3♠,6♢,6♣,6♠
4♢,4♣,6♢,6♣,6♠
4♢,4♡,6♢,6♣,6♠
4♣,4♡,6♢,6♣,6♠
4♢,4♠,6♢,6♣,6♠
4♣,4♠,6♢,6♣,6♠
4♡,4♠,6♢,6♣,6♠
5♢,5♣,6♢,6♣,6♠
5♢,5♡,6♢,6♣,6♠
5♣,5♡,6♢,6♣,6♠
5♢,5♠,6♢,6♣,6♠
5♣,5♠,6♢,6♣,6♠
5♡,5♠,6♢,6♣,6♠
6♢,6♣,6♠,7♢,7♣
6♢,6♣,6♠,7♢,7♡
6♢,6♣,6♠,7♣,7♡
6♢,6♣,6♠,7♢,7♠
6♢,6♣,6♠,7♣,7♠
6♢,6♣,6♠,7♡,7♠
6♢,6♣,6♠,8♢,8♣
6♢,6♣,6♠,8♢,8♡
6♢,6♣,6♠,8♣,8♡
6♢,6♣,6♠,8♢,8♠
6♢,6♣,6♠,8♣,8♠
6♢,6♣,6♠,8♡,8♠
6♢,6♣,6♠,9♢,9♣
6♢,6♣,6♠,9♢,9♡
6♢,6♣,6♠,9♣,9♡
6♢,6♣,6♠,9♢,9♠
6♢,6♣,6♠,9♣,9♠
6♢,6♣,6♠,9♡,9♠
6♢,6♣,6♠,T♢,T♣
6♢,6♣,6♠,T♢,T♡
6♢,6♣,6♠,T♣,T♡
6♢,6♣,6♠,T♢,T♠
6♢,6♣,6♠,T♣,T♠
6♢,6♣,6♠,T♡,T♠
6♢,6♣,6♠,J♢,J♣
6♢,6♣,6♠,J♢,J♡
6♢,6♣,6♠,J♣,J♡
6♢,6♣,6♠,J♢,J♠
6♢,6♣,6♠,J♣,J♠
6♢,6♣,6♠,J♡,J♠
6♢,6♣,6♠,Q♢,Q♣
6♢,6♣,6♠,Q♢,Q♡
6♢,6♣,6♠,Q♣,Q♡
6♢,6♣,6♠,Q♢,Q♠
6♢,6♣,6♠,Q♣,Q♠
6♢,6♣,6♠,Q♡,Q♠
6♢,6♣,6♠,K♢,K♣
6♢,6♣,6♠,K♢,K♡
6♢,6♣,6♠,K♣,K♡
6♢,6♣,6♠,K♢,K♠
6♢,6♣,6♠,K♣,K♠
6♢,6♣,6♠,K♡,K♠
6♢,6♣,6♠,A♢,A♣
6♢,6♣,6♠,A♢,A♡
6♢,6♣,6♠,A♣,A♡
6♢,6♣,6♠,A♢,A♠
6♢,6♣,6♠,A♣,A♠
6♢,6♣,6♠,A♡,A♠
6♢,6♣,6♠,2♢,2♣
6♢,6♣,6♠,2♢,2♡
6♢,6♣,6♠,2♣,2♡
6♢,6♣,6♠,2♢,2♠
6♢,6♣,6♠,2♣,2♠
6♢,6♣,6♠,2♡,2♠
3♢,3♣,6♢,6♡,6♠
3♢,3♡,6♢,6♡,6♠
3♣,3♡,6♢,6♡,6♠
3♢,3♠,6♢,6♡,6♠
3♣,3♠,6♢,6♡,6♠
3♡,3♠,6♢,6♡,6♠
4♢,4♣,6♢,6♡,6♠
4♢,4♡,6♢,6♡,6♠
4♣,4♡,6♢,6♡,6♠
4♢,4♠,6♢,6♡,6♠
4♣,4♠,6♢,6♡,6♠
4♡,4♠,6♢,6♡,6♠
5♢,5♣,6♢,6♡,6♠
5♢,5♡,6♢,6♡,6♠
5♣,5♡,6♢,6♡,6♠
5♢,5♠,6♢,6♡,6♠
5♣,5♠,6♢,6♡,6♠
5♡,5♠,6♢,6♡,6♠
6♢,6♡,6♠,7♢,7♣
6♢,6♡,6♠,7♢,7♡
6♢,6♡,6♠,7♣,7♡
6♢,6♡,6♠,7♢,7♠
6♢,6♡,6♠,7♣,7♠
6♢,6♡,6♠,7♡,7♠
6♢,6♡,6♠,8♢,8♣
6♢,6♡,6♠,8♢,8♡
6♢,6♡,6♠,8♣,8♡
6♢,6♡,6♠,8♢,8♠
6♢,6♡,6♠,8♣,8♠
6♢,6♡,6♠,8♡,8♠
6♢,6♡,6♠,9♢,9♣
6♢,6♡,6♠,9♢,9♡
6♢,6♡,6♠,9♣,9♡
6♢,6♡,6♠,9♢,9♠
6♢,6♡,6♠,9♣,9♠
6♢,6♡,6♠,9♡,9♠
6♢,6♡,6♠,T♢,T♣
6♢,6♡,6♠,T♢,T♡
6♢,6♡,6♠,T♣,T♡
6♢,6♡,6♠,T♢,T♠
6♢,6♡,6♠,T♣,T♠
6♢,6♡,6♠,T♡,T♠
6♢,6♡,6♠,J♢,J♣
6♢,6♡,6♠,J♢,J♡
6♢,6♡,6♠,J♣,J♡
6♢,6♡,6♠,J♢,J♠
6♢,6♡,6♠,J♣,J♠
6♢,6♡,6♠,J♡,J♠
6♢,6♡,6♠,Q♢,Q♣
6♢,6♡,6♠,Q♢,Q♡
6♢,6♡,6♠,Q♣,Q♡
6♢,6♡,6♠,Q♢,Q♠
6♢,6♡,6♠,Q♣,Q♠
6♢,6♡,6♠,Q♡,Q♠
6♢,6♡,6♠,K♢,K♣
6♢,6♡,6♠,K♢,K♡
6♢,6♡,6♠,K♣,K♡
6♢,6♡,6♠,K♢,K♠
6♢,6♡,6♠,K♣,K♠
6♢,6♡,6♠,K♡,K♠
6♢,6♡,6♠,A♢,A♣
6♢,6♡,6♠,A♢,A♡
6♢,6♡,6♠,A♣,A♡
6♢,6♡,6♠,A♢,A♠
6♢,6♡,6♠,A♣,A♠
6♢,6♡,6♠,A♡,A♠
6♢,6♡,6♠,2♢,2♣
6♢,6♡,6♠,2♢,2♡
6♢,6♡,6♠,2♣,2♡
6♢,6♡,6♠,2♢,2♠
6♢,6♡,6♠,2♣,2♠
6♢,6♡,6♠,2♡,2♠
3♢,3♣,6♣,6♡,6♠
3♢,3♡,6♣,6♡,6♠
3♣,3♡,6♣,6♡,6♠
3♢,3♠,6♣,6♡,6♠
3♣,3♠,6♣,6♡,6♠
3♡,3♠,6♣,6♡,6♠
4♢,4♣,6♣,6♡,6♠
4♢,4♡,6♣,6♡,6♠
4♣,4♡,6♣,6♡,6♠
4♢,4♠,6♣,6♡,6♠
4♣,4♠,6♣,6♡,6♠
4♡,4♠,6♣,6♡,6♠
5♢,5♣,6♣,6♡,6♠
5♢,5♡,6♣,6♡,6♠
5♣,5♡,6♣,6♡,6♠
5♢,5♠,6♣,6♡,6♠
5♣,5♠,6♣,6♡,6♠
5♡,5♠,6♣,6♡,6♠
6♣,6♡,6♠,7♢,7♣
6♣,6♡,6♠,7♢,7♡
6♣,6♡,6♠,7♣,7♡
6♣,6♡,6♠,7♢,7♠
6♣,6♡,6♠,7♣,7♠
6♣,6♡,6♠,7♡,7♠
6♣,6♡,6♠,8♢,8♣
6♣,6♡,6♠,8♢,8♡
6♣,6♡,6♠,8♣,8♡
6♣,6♡,6♠,8♢,8♠
6♣,6♡,6♠,8♣,8♠
6♣,6♡,6♠,8♡,8♠
6♣,6♡,6♠,9♢,9♣
6♣,6♡,6♠,9♢,9♡
6♣,6♡,6♠,9♣,9♡
6♣,6♡,6♠,9♢,9♠
6♣,6♡,6♠,9♣,9♠
6♣,6♡,6♠,9♡,9♠
6♣,6♡,6♠,T♢,T♣
6♣,6♡,6♠,T♢,T♡
6♣,6♡,6♠,T♣,T♡
6♣,6♡,6♠,T♢,T♠
6♣,6♡,6♠,T♣,T♠
6♣,6♡,6♠,T♡,T♠
6♣,6♡,6♠,J♢,J♣
6♣,6♡,6♠,J♢,J♡
6♣,6♡,6♠,J♣,J♡
6♣,6♡,6♠,J♢,J♠
6♣,6♡,6♠,J♣,J♠
6♣,6♡,6♠,J♡,J♠
6♣,6♡,6♠,Q♢,Q♣
6♣,6♡,6♠,Q♢,Q♡
6♣,6♡,6♠,Q♣,Q♡
6♣,6♡,6♠,Q♢,Q♠
6♣,6♡,6♠,Q♣,Q♠
6♣,6♡,6♠,Q♡,Q♠
6♣,6♡,6♠,K♢,K♣
6♣,6♡,6♠,K♢,K♡
6♣,6♡,6♠,K♣,K♡
6♣,6♡,6♠,K♢,K♠
6♣,6♡,6♠,K♣,K♠
6♣,6♡,6♠,K♡,K♠
6♣,6♡,6♠,A♢,A♣
6♣,6♡,6♠,A♢,A♡
6♣,6♡,6♠,A♣,A♡
6♣,6♡,6♠,A♢,A♠
6♣,6♡,6♠,A♣,A♠
6♣,6♡,6♠,A♡,A♠
6♣,6♡,6♠,2♢,2♣
6♣,6♡,6♠,2♢,2♡
6♣,6♡,6♠,2♣,2♡
6♣,6♡,6♠,2♢,2♠
6♣,6♡,6♠,2♣,2♠
6♣,6♡,6♠,2♡,2♠
3♢,3♣,7♢,7♣,7♡
3♢,3♡,7♢,7♣,7♡
3♣,3♡,7♢,7♣,7♡
3♢,3♠,7♢,7♣,7♡
3♣,3♠,7♢,7♣,7♡
3♡,3♠,7♢,7♣,7♡
4♢,4♣,7♢,7♣,7♡
4♢,4♡,7♢,7♣,7♡
4♣,4♡,7♢,7♣,7♡
4♢,4♠,7♢,7♣,7♡
4♣,4♠,7♢,7♣,7♡
4♡,4♠,7♢,7♣,7♡
5♢,5♣,7♢,7♣,7♡
5♢,5♡,7♢,7♣,7♡
5♣,5♡,7♢,7♣,7♡
5♢,5♠,7♢,7♣,7♡
5♣,5♠,7♢,7♣,7♡
5♡,5♠,7♢,7♣,7♡
6♢,6♣,7♢,7♣,7♡
6♢,6♡,7♢,7♣,7♡
6♣,6♡,7♢,7♣,7♡
6♢,6♠,7♢,7♣,7♡
6♣,6♠,7♢,7♣,7♡
6♡,6♠,7♢,7♣,7♡
7♢,7♣,7♡,8♢,8♣
7♢,7♣,7♡,8♢,8♡
7♢,7♣,7♡,8♣,8♡
7♢,7♣,7♡,8♢,8♠
7♢,7♣,7♡,8♣,8♠
7♢,7♣,7♡,8♡,8♠
7♢,7♣,7♡,9♢,9♣
7♢,7♣,7♡,9♢,9♡
7♢,7♣,7♡,9♣,9♡
7♢,7♣,7♡,9♢,9♠
7♢,7♣,7♡,9♣,9♠
7♢,7♣,7♡,9♡,9♠
7♢,7♣,7♡,T♢,T♣
7♢,7♣,7♡,T♢,T♡
7♢,7♣,7♡,T♣,T♡
7♢,7♣,7♡,T♢,T♠
7♢,7♣,7♡,T♣,T♠
7♢,7♣,7♡,T♡,T♠
7♢,7♣,7♡,J♢,J♣
7♢,7♣,7♡,J♢,J♡
7♢,7♣,7♡,J♣,J♡
7♢,7♣,7♡,J♢,J♠
7♢,7♣,7♡,J♣,J♠
7♢,7♣,7♡,J♡,J♠
7♢,7♣,7♡,Q♢,Q♣
7♢,7♣,7♡,Q♢,Q♡
7♢,7♣,7♡,Q♣,Q♡
7♢,7♣,7♡,Q♢,Q♠
7♢,7♣,7♡,Q♣,Q♠
7♢,7♣,7♡,Q♡,Q♠
7♢,7♣,7♡,K♢,K♣
7♢,7♣,7♡,K♢,K♡
7♢,7♣,7♡,K♣,K♡
7♢,7♣,7♡,K♢,K♠
7♢,7♣,7♡,K♣,K♠
7♢,7♣,7♡,K♡,K♠
7♢,7♣,7♡,A♢,A♣
7♢,7♣,7♡,A♢,A♡
7♢,7♣,7♡,A♣,A♡
7♢,7♣,7♡,A♢,A♠
7♢,7♣,7♡,A♣,A♠
7♢,7♣,7♡,A♡,A♠
7♢,7♣,7♡,2♢,2♣
7♢,7♣,7♡,2♢,2♡
7♢,7♣,7♡,2♣,2♡
7♢,7♣,7♡,2♢,2♠
7♢,7♣,7♡,2♣,2♠
7♢,7♣,7♡,2♡,2♠
3♢,3♣,7♢,7♣,7♠
3♢,3♡,7♢,7♣,7♠
3♣,3♡,7♢,7♣,7♠
3♢,3♠,7♢,7♣,7♠
3♣,3♠,7♢,7♣,7♠
3♡,3♠,7♢,7♣,7♠
4♢,4♣,7♢,7♣,7♠
4♢,4♡,7♢,7♣,7♠
4♣,4♡,7♢,7♣,7♠
4♢,4♠,7♢,7♣,7♠
4♣,4♠,7♢,7♣,7♠
4♡,4♠,7♢,7♣,7♠
5♢,5♣,7♢,7♣,7♠
5♢,5♡,7♢,7♣,7♠
5♣,5♡,7♢,7♣,7♠
5♢,5♠,7♢,7♣,7♠
5♣,5♠,7♢,7♣,7♠
5♡,5♠,7♢,7♣,7♠
6♢,6♣,7♢,7♣,7♠
6♢,6♡,7♢,7♣,7♠
6♣,6♡,7♢,7♣,7♠
6♢,6♠,7♢,7♣,7♠
6♣,6♠,7♢,7♣,7♠
6♡,6♠,7♢,7♣,7♠
7♢,7♣,7♠,8♢,8♣
7♢,7♣,7♠,8♢,8♡
7♢,7♣,7♠,8♣,8♡
7♢,7♣,7♠,8♢,8♠
7♢,7♣,7♠,8♣,8♠
7♢,7♣,7♠,8♡,8♠
7♢,7♣,7♠,9♢,9♣
7♢,7♣,7♠,9♢,9♡
7♢,7♣,7♠,9♣,9♡
7♢,7♣,7♠,9♢,9♠
7♢,7♣,7♠,9♣,9♠
7♢,7♣,7♠,9♡,9♠
7♢,7♣,7♠,T♢,T♣
7♢,7♣,7♠,T♢,T♡
7♢,7♣,7♠,T♣,T♡
7♢,7♣,7♠,T♢,T♠
7♢,7♣,7♠,T♣,T♠
7♢,7♣,7♠,T♡,T♠
7♢,7♣,7♠,J♢,J♣
7♢,7♣,7♠,J♢,J♡
7♢,7♣,7♠,J♣,J♡
7♢,7♣,7♠,J♢,J♠
7♢,7♣,7♠,J♣,J♠
7♢,7♣,7♠,J♡,J♠
7♢,7♣,7♠,Q♢,Q♣
7♢,7♣,7♠,Q♢,Q♡
7♢,7♣,7♠,Q♣,Q♡
7♢,7♣,7♠,Q♢,Q♠
7♢,7♣,7♠,Q♣,Q♠
7♢,7♣,7♠,Q♡,Q♠
7♢,7♣,7♠,K♢,K♣
7♢,7♣,7♠,K♢,K♡
7♢,7♣,7♠,K♣,K♡
7♢,7♣,7♠,K♢,K♠
7♢,7♣,7♠,K♣,K♠
7♢,7♣,7♠,K♡,K♠
7♢,7♣,7♠,A♢,A♣
7♢,7♣,7♠,A♢,A♡
7♢,7♣,7♠,A♣,A♡
7♢,7♣,7♠,A♢,A♠
7♢,7♣,7♠,A♣,A♠
7♢,7♣,7♠,A♡,A♠
7♢,7♣,7♠,2♢,2♣
7♢,7♣,7♠,2♢,2♡
7♢,7♣,7♠,2♣,2♡
7♢,7♣,7♠,2♢,2♠
7♢,7♣,7♠,2♣,2♠
7♢,7♣,7♠,2♡,2♠
3♢,3♣,7♢,7♡,7♠
3♢,3♡,7♢,7♡,7♠
3♣,3♡,7♢,7♡,7♠
3♢,3♠,7♢,7♡,7♠
3♣,3♠,7♢,7♡,7♠
3♡,3♠,7♢,7♡,7♠
4♢,4♣,7♢,7♡,7♠
4♢,4♡,7♢,7♡,7♠
4♣,4♡,7♢,7♡,7♠
4♢,4♠,7♢,7♡,7♠
4♣,4♠,7♢,7♡,7♠
4♡,4♠,7♢,7♡,7♠
5♢,5♣,7♢,7♡,7♠
5♢,5♡,7♢,7♡,7♠
5♣,5♡,7♢,7♡,7♠
5♢,5♠,7♢,7♡,7♠
5♣,5♠,7♢,7♡,7♠
5♡,5♠,7♢,7♡,7♠
6♢,6♣,7♢,7♡,7♠
6♢,6♡,7♢,7♡,7♠
6♣,6♡,7♢,7♡,7♠
6♢,6♠,7♢,7♡,7♠
6♣,6♠,7♢,7♡,7♠
6♡,6♠,7♢,7♡,7♠
7♢,7♡,7♠,8♢,8♣
7♢,7♡,7♠,8♢,8♡
7♢,7♡,7♠,8♣,8♡
7♢,7♡,7♠,8♢,8♠
7♢,7♡,7♠,8♣,8♠
7♢,7♡,7♠,8♡,8♠
7♢,7♡,7♠,9♢,9♣
7♢,7♡,7♠,9♢,9♡
7♢,7♡,7♠,9♣,9♡
7♢,7♡,7♠,9♢,9♠
7♢,7♡,7♠,9♣,9♠
7♢,7♡,7♠,9♡,9♠
7♢,7♡,7♠,T♢,T♣
7♢,7♡,7♠,T♢,T♡
7♢,7♡,7♠,T♣,T♡
7♢,7♡,7♠,T♢,T♠
7♢,7♡,7♠,T♣,T♠
7♢,7♡,7♠,T♡,T♠
7♢,7♡,7♠,J♢,J♣
7♢,7♡,7♠,J♢,J♡
7♢,7♡,7♠,J♣,J♡
7♢,7♡,7♠,J♢,J♠
7♢,7♡,7♠,J♣,J♠
7♢,7♡,7♠,J♡,J♠
7♢,7♡,7♠,Q♢,Q♣
7♢,7♡,7♠,Q♢,Q♡
7♢,7♡,7♠,Q♣,Q♡
7♢,7♡,7♠,Q♢,Q♠
7♢,7♡,7♠,Q♣,Q♠
7♢,7♡,7♠,Q♡,Q♠
7♢,7♡,7♠,K♢,K♣
7♢,7♡,7♠,K♢,K♡
7♢,7♡,7♠,K♣,K♡
7♢,7♡,7♠,K♢,K♠
7♢,7♡,7♠,K♣,K♠
7♢,7♡,7♠,K♡,K♠
7♢,7♡,7♠,A♢,A♣
7♢,7♡,7♠,A♢,A♡
7♢,7♡,7♠,A♣,A♡
7♢,7♡,7♠,A♢,A♠
7♢,7♡,7♠,A♣,A♠
7♢,7♡,7♠,A♡,A♠
7♢,7♡,7♠,2♢,2♣
7♢,7♡,7♠,2♢,2♡
7♢,7♡,7♠,2♣,2♡
7♢,7♡,7♠,2♢,2♠
7♢,7♡,7♠,2♣,2♠
7♢,7♡,7♠,2♡,2♠
3♢,3♣,7♣,7♡,7♠
3♢,3♡,7♣,7♡,7♠
3♣,3♡,7♣,7♡,7♠
3♢,3♠,7♣,7♡,7♠
3♣,3♠,7♣,7♡,7♠
3♡,3♠,7♣,7♡,7♠
4♢,4♣,7♣,7♡,7♠
4♢,4♡,7♣,7♡,7♠
4♣,4♡,7♣,7♡,7♠
4♢,4♠,7♣,7♡,7♠
4♣,4♠,7♣,7♡,7♠
4♡,4♠,7♣,7♡,7♠
5♢,5♣,7♣,7♡,7♠
5♢,5♡,7♣,7♡,7♠
5♣,5♡,7♣,7♡,7♠
5♢,5♠,7♣,7♡,7♠
5♣,5♠,7♣,7♡,7♠
5♡,5♠,7♣,7♡,7♠
6♢,6♣,7♣,7♡,7♠
6♢,6♡,7♣,7♡,7♠
6♣,6♡,7♣,7♡,7♠
6♢,6♠,7♣,7♡,7♠
6♣,6♠,7♣,7♡,7♠
6♡,6♠,7♣,7♡,7♠
7♣,7♡,7♠,8♢,8♣
7♣,7♡,7♠,8♢,8♡
7♣,7♡,7♠,8♣,8♡
7♣,7♡,7♠,8♢,8♠
7♣,7♡,7♠,8♣,8♠
7♣,7♡,7♠,8♡,8♠
7♣,7♡,7♠,9♢,9♣
7♣,7♡,7♠,9♢,9♡
7♣,7♡,7♠,9♣,9♡
7♣,7♡,7♠,9♢,9♠
7♣,7♡,7♠,9♣,9♠
7♣,7♡,7♠,9♡,9♠
7♣,7♡,7♠,T♢,T♣
7♣,7♡,7♠,T♢,T♡
7♣,7♡,7♠,T♣,T♡
7♣,7♡,7♠,T♢,T♠
7♣,7♡,7♠,T♣,T♠
7♣,7♡,7♠,T♡,T♠
7♣,7♡,7♠,J♢,J♣
7♣,7♡,7♠,J♢,J♡
7♣,7♡,7♠,J♣,J♡
7♣,7♡,7♠,J♢,J♠
7♣,7♡,7♠,J♣,J♠
7♣,7♡,7♠,J♡,J♠
7♣,7♡,7♠,Q♢,Q♣
7♣,7♡,7♠,Q♢,Q♡
7♣,7♡,7♠,Q♣,Q♡
7♣,7♡,7♠,Q♢,Q♠
7♣,7♡,7♠,Q♣,Q♠
7♣,7♡,7♠,Q♡,Q♠
7♣,7♡,7♠,K♢,K♣
7♣,7♡,7♠,K♢,K♡
7♣,7♡,7♠,K♣,K♡
7♣,7♡,7♠,K♢,K♠
7♣,7♡,7♠,K♣,K♠
7♣,7♡,7♠,K♡,K♠
7♣,7♡,7♠,A♢,A♣
7♣,7♡,7♠,A♢,A♡
7♣,7♡,7♠,A♣,A♡
7♣,7♡,7♠,A♢,A♠
7♣,7♡,7♠,A♣,A♠
7♣,7♡,7♠,A♡,A♠
7♣,7♡,7♠,2♢,2♣
7♣,7♡,7♠,2♢,2♡
7♣,7♡,7♠,2♣,2♡
7♣,7♡,7♠,2♢,2♠
7♣,7♡,7♠,2♣,2♠
7♣,7♡,7♠,2♡,2♠
3♢,3♣,8♢,8♣,8♡
3♢,3♡,8♢,8♣,8♡
3♣,3♡,8♢,8♣,8♡
3♢,3♠,8♢,8♣,8♡
3♣,3♠,8♢,8♣,8♡
3♡,3♠,8♢,8♣,8♡
4♢,4♣,8♢,8♣,8♡
4♢,4♡,8♢,8♣,8♡
4♣,4♡,8♢,8♣,8♡
4♢,4♠,8♢,8♣,8♡
4♣,4♠,8♢,8♣,8♡
4♡,4♠,8♢,8♣,8♡
5♢,5♣,8♢,8♣,8♡
5♢,5♡,8♢,8♣,8♡
5♣,5♡,8♢,8♣,8♡
5♢,5♠,8♢,8♣,8♡
5♣,5♠,8♢,8♣,8♡
5♡,5♠,8♢,8♣,8♡
6♢,6♣,8♢,8♣,8♡
6♢,6♡,8♢,8♣,8♡
6♣,6♡,8♢,8♣,8♡
6♢,6♠,8♢,8♣,8♡
6♣,6♠,8♢,8♣,8♡
6♡,6♠,8♢,8♣,8♡
7♢,7♣,8♢,8♣,8♡
7♢,7♡,8♢,8♣,8♡
7♣,7♡,8♢,8♣,8♡
7♢,7♠,8♢,8♣,8♡
7♣,7♠,8♢,8♣,8♡
7♡,7♠,8♢,8♣,8♡
8♢,8♣,8♡,9♢,9♣
8♢,8♣,8♡,9♢,9♡
8♢,8♣,8♡,9♣,9♡
8♢,8♣,8♡,9♢,9♠
8♢,8♣,8♡,9♣,9♠
8♢,8♣,8♡,9♡,9♠
8♢,8♣,8♡,T♢,T♣
8♢,8♣,8♡,T♢,T♡
8♢,8♣,8♡,T♣,T♡
8♢,8♣,8♡,T♢,T♠
8♢,8♣,8♡,T♣,T♠
8♢,8♣,8♡,T♡,T♠
8♢,8♣,8♡,J♢,J♣
8♢,8♣,8♡,J♢,J♡
8♢,8♣,8♡,J♣,J♡
8♢,8♣,8♡,J♢,J♠
8♢,8♣,8♡,J♣,J♠
8♢,8♣,8♡,J♡,J♠
8♢,8♣,8♡,Q♢,Q♣
8♢,8♣,8♡,Q♢,Q♡
8♢,8♣,8♡,Q♣,Q♡
8♢,8♣,8♡,Q♢,Q♠
8♢,8♣,8♡,Q♣,Q♠
8♢,8♣,8♡,Q♡,Q♠
8♢,8♣,8♡,K♢,K♣
8♢,8♣,8♡,K♢,K♡
8♢,8♣,8♡,K♣,K♡
8♢,8♣,8♡,K♢,K♠
8♢,8♣,8♡,K♣,K♠
8♢,8♣,8♡,K♡,K♠
8♢,8♣,8♡,A♢,A♣
8♢,8♣,8♡,A♢,A♡
8♢,8♣,8♡,A♣,A♡
8♢,8♣,8♡,A♢,A♠
8♢,8♣,8♡,A♣,A♠
8♢,8♣,8♡,A♡,A♠
8♢,8♣,8♡,2♢,2♣
8♢,8♣,8♡,2♢,2♡
8♢,8♣,8♡,2♣,2♡
8♢,8♣,8♡,2♢,2♠
8♢,8♣,8♡,2♣,2♠
8♢,8♣,8♡,2♡,2♠
3♢,3♣,8♢,8♣,8♠
3♢,3♡,8♢,8♣,8♠
3♣,3♡,8♢,8♣,8♠
3♢,3♠,8♢,8♣,8♠
3♣,3♠,8♢,8♣,8♠
3♡,3♠,8♢,8♣,8♠
4♢,4♣,8♢,8♣,8♠
4♢,4♡,8♢,8♣,8♠
4♣,4♡,8♢,8♣,8♠
4♢,4♠,8♢,8♣,8♠
4♣,4♠,8♢,8♣,8♠
4♡,4♠,8♢,8♣,8♠
5♢,5♣,8♢,8♣,8♠
5♢,5♡,8♢,8♣,8♠
5♣,5♡,8♢,8♣,8♠
5♢,5♠,8♢,8♣,8♠
5♣,5♠,8♢,8♣,8♠
5♡,5♠,8♢,8♣,8♠
6♢,6♣,8♢,8♣,8♠
6♢,6♡,8♢,8♣,8♠
6♣,6♡,8♢,8♣,8♠
6♢,6♠,8♢,8♣,8♠
6♣,6♠,8♢,8♣,8♠
6♡,6♠,8♢,8♣,8♠
7♢,7♣,8♢,8♣,8♠
7♢,7♡,8♢,8♣,8♠
7♣,7♡,8♢,8♣,8♠
7♢,7♠,8♢,8♣,8♠
7♣,7♠,8♢,8♣,8♠
7♡,7♠,8♢,8♣,8♠
8♢,8♣,8♠,9♢,9♣
8♢,8♣,8♠,9♢,9♡
8♢,8♣,8♠,9♣,9♡
8♢,8♣,8♠,9♢,9♠
8♢,8♣,8♠,9♣,9♠
8♢,8♣,8♠,9♡,9♠
8♢,8♣,8♠,T♢,T♣
8♢,8♣,8♠,T♢,T♡
8♢,8♣,8♠,T♣,T♡
8♢,8♣,8♠,T♢,T♠
8♢,8♣,8♠,T♣,T♠
8♢,8♣,8♠,T♡,T♠
8♢,8♣,8♠,J♢,J♣
8♢,8♣,8♠,J♢,J♡
8♢,8♣,8♠,J♣,J♡
8♢,8♣,8♠,J♢,J♠
8♢,8♣,8♠,J♣,J♠
8♢,8♣,8♠,J♡,J♠
8♢,8♣,8♠,Q♢,Q♣
8♢,8♣,8♠,Q♢,Q♡
8♢,8♣,8♠,Q♣,Q♡
8♢,8♣,8♠,Q♢,Q♠
8♢,8♣,8♠,Q♣,Q♠
8♢,8♣,8♠,Q♡,Q♠
8♢,8♣,8♠,K♢,K♣
8♢,8♣,8♠,K♢,K♡
8♢,8♣,8♠,K♣,K♡
8♢,8♣,8♠,K♢,K♠
8♢,8♣,8♠,K♣,K♠
8♢,8♣,8♠,K♡,K♠
8♢,8♣,8♠,A♢,A♣
8♢,8♣,8♠,A♢,A♡
8♢,8♣,8♠,A♣,A♡
8♢,8♣,8♠,A♢,A♠
8♢,8♣,8♠,A♣,A♠
8♢,8♣,8♠,A♡,A♠
8♢,8♣,8♠,2♢,2♣
8♢,8♣,8♠,2♢,2♡
8♢,8♣,8♠,2♣,2♡
8♢,8♣,8♠,2♢,2♠
8♢,8♣,8♠,2♣,2♠
8♢,8♣,8♠,2♡,2♠
3♢,3♣,8♢,8♡,8♠
3♢,3♡,8♢,8♡,8♠
3♣,3♡,8♢,8♡,8♠
3♢,3♠,8♢,8♡,8♠
3♣,3♠,8♢,8♡,8♠
3♡,3♠,8♢,8♡,8♠
4♢,4♣,8♢,8♡,8♠
4♢,4♡,8♢,8♡,8♠
4♣,4♡,8♢,8♡,8♠
4♢,4♠,8♢,8♡,8♠
4♣,4♠,8♢,8♡,8♠
4♡,4♠,8♢,8♡,8♠
5♢,5♣,8♢,8♡,8♠
5♢,5♡,8♢,8♡,8♠
5♣,5♡,8♢,8♡,8♠
5♢,5♠,8♢,8♡,8♠
5♣,5♠,8♢,8♡,8♠
5♡,5♠,8♢,8♡,8♠
6♢,6♣,8♢,8♡,8♠
6♢,6♡,8♢,8♡,8♠
6♣,6♡,8♢,8♡,8♠
6♢,6♠,8♢,8♡,8♠
6♣,6♠,8♢,8♡,8♠
6♡,6♠,8♢,8♡,8♠
7♢,7♣,8♢,8♡,8♠
7♢,7♡,8♢,8♡,8♠
7♣,7♡,8♢,8♡,8♠
7♢,7♠,8♢,8♡,8♠
7♣,7♠,8♢,8♡,8♠
7♡,7♠,8♢,8♡,8♠
8♢,8♡,8♠,9♢,9♣
8♢,8♡,8♠,9♢,9♡
8♢,8♡,8♠,9♣,9♡
8♢,8♡,8♠,9♢,9♠
8♢,8♡,8♠,9♣,9♠
8♢,8♡,8♠,9♡,9♠
8♢,8♡,8♠,T♢,T♣
8♢,8♡,8♠,T♢,T♡
8♢,8♡,8♠,T♣,T♡
8♢,8♡,8♠,T♢,T♠
8♢,8♡,8♠,T♣,T♠
8♢,8♡,8♠,T♡,T♠
8♢,8♡,8♠,J♢,J♣
8♢,8♡,8♠,J♢,J♡
8♢,8♡,8♠,J♣,J♡
8♢,8♡,8♠,J♢,J♠
8♢,8♡,8♠,J♣,J♠
8♢,8♡,8♠,J♡,J♠
8♢,8♡,8♠,Q♢,Q♣
8♢,8♡,8♠,Q♢,Q♡
8♢,8♡,8♠,Q♣,Q♡
8♢,8♡,8♠,Q♢,Q♠
8♢,8♡,8♠,Q♣,Q♠
8♢,8♡,8♠,Q♡,Q♠
8♢,8♡,8♠,K♢,K♣
8♢,8♡,8♠,K♢,K♡
8♢,8♡,8♠,K♣,K♡
8♢,8♡,8♠,K♢,K♠
8♢,8♡,8♠,K♣,K♠
8♢,8♡,8♠,K♡,K♠
8♢,8♡,8♠,A♢,A♣
8♢,8♡,8♠,A♢,A♡
8♢,8♡,8♠,A♣,A♡
8♢,8♡,8♠,A♢,A♠
8♢,8♡,8♠,A♣,A♠
8♢,8♡,8♠,A♡,A♠
8♢,8♡,8♠,2♢,2♣
8♢,8♡,8♠,2♢,2♡
8♢,8♡,8♠,2♣,2♡
8♢,8♡,8♠,2♢,2♠
8♢,8♡,8♠,2♣,2♠
8♢,8♡,8♠,2♡,2♠
3♢,3♣,8♣,8♡,8♠
3♢,3♡,8♣,8♡,8♠
3♣,3♡,8♣,8♡,8♠
3♢,3♠,8♣,8♡,8♠
3♣,3♠,8♣,8♡,8♠
3♡,3♠,8♣,8♡,8♠
4♢,4♣,8♣,8♡,8♠
4♢,4♡,8♣,8♡,8♠
4♣,4♡,8♣,8♡,8♠
4♢,4♠,8♣,8♡,8♠
4♣,4♠,8♣,8♡,8♠
4♡,4♠,8♣,8♡,8♠
5♢,5♣,8♣,8♡,8♠
5♢,5♡,8♣,8♡,8♠
5♣,5♡,8♣,8♡,8♠
5♢,5♠,8♣,8♡,8♠
5♣,5♠,8♣,8♡,8♠
5♡,5♠,8♣,8♡,8♠
6♢,6♣,8♣,8♡,8♠
6♢,6♡,8♣,8♡,8♠
6♣,6♡,8♣,8♡,8♠
6♢,6♠,8♣,8♡,8♠
6♣,6♠,8♣,8♡,8♠
6♡,6♠,8♣,8♡,8♠
7♢,7♣,8♣,8♡,8♠
7♢,7♡,8♣,8♡,8♠
7♣,7♡,8♣,8♡,8♠
7♢,7♠,8♣,8♡,8♠
7♣,7♠,8♣,8♡,8♠
7♡,7♠,8♣,8♡,8♠
8♣,8♡,8♠,9♢,9♣
8♣,8♡,8♠,9♢,9♡
8♣,8♡,8♠,9♣,9♡
8♣,8♡,8♠,9♢,9♠
8♣,8♡,8♠,9♣,9♠
8♣,8♡,8♠,9♡,9♠
8♣,8♡,8♠,T♢,T♣
8♣,8♡,8♠,T♢,T♡
8♣,8♡,8♠,T♣,T♡
8♣,8♡,8♠,T♢,T♠
8♣,8♡,8♠,T♣,T♠
8♣,8♡,8♠,T♡,T♠
8♣,8♡,8♠,J♢,J♣
8♣,8♡,8♠,J♢,J♡
8♣,8♡,8♠,J♣,J♡
8♣,8♡,8♠,J♢,J♠
8♣,8♡,8♠,J♣,J♠
8♣,8♡,8♠,J♡,J♠
8♣,8♡,8♠,Q♢,Q♣
8♣,8♡,8♠,Q♢,Q♡
8♣,8♡,8♠,Q♣,Q♡
8♣,8♡,8♠,Q♢,Q♠
8♣,8♡,8♠,Q♣,Q♠
8♣,8♡,8♠,Q♡,Q♠
8♣,8♡,8♠,K♢,K♣
8♣,8♡,8♠,K♢,K♡
8♣,8♡,8♠,K♣,K♡
8♣,8♡,8♠,K♢,K♠
8♣,8♡,8♠,K♣,K♠
8♣,8♡,8♠,K♡,K♠
8♣,8♡,8♠,A♢,A♣
8♣,8♡,8♠,A♢,A♡
8♣,8♡,8♠,A♣,A♡
8♣,8♡,8♠,A♢,A♠
8♣,8♡,8♠,A♣,A♠
8♣,8♡,8♠,A♡,A♠
8♣,8♡,8♠,2♢,2♣
8♣,8♡,8♠,2♢,2♡
8♣,8♡,8♠,2♣,2♡
8♣,8♡,8♠,2♢,2♠
8♣,8♡,8♠,2♣,2♠
8♣,8♡,8♠,2♡,2♠
3♢,3♣,9♢,9♣,9♡
3♢,3♡,9♢,9♣,9♡
3♣,3♡,9♢,9♣,9♡
3♢,3♠,9♢,9♣,9♡
3♣,3♠,9♢,9♣,9♡
3♡,3♠,9♢,9♣,9♡
4♢,4♣,9♢,9♣,9♡
4♢,4♡,9♢,9♣,9♡
4♣,4♡,9♢,9♣,9♡
4♢,4♠,9♢,9♣,9♡
4♣,4♠,9♢,9♣,9♡
4♡,4♠,9♢,9♣,9♡
5♢,5♣,9♢,9♣,9♡
5♢,5♡,9♢,9♣,9♡
5♣,5♡,9♢,9♣,9♡
5♢,5♠,9♢,9♣,9♡
5♣,5♠,9♢,9♣,9♡
5♡,5♠,9♢,9♣,9♡
6♢,6♣,9♢,9♣,9♡
6♢,6♡,9♢,9♣,9♡
6♣,6♡,9♢,9♣,9♡
6♢,6♠,9♢,9♣,9♡
6♣,6♠,9♢,9♣,9♡
6♡,6♠,9♢,9♣,9♡
7♢,7♣,9♢,9♣,9♡
7♢,7♡,9♢,9♣,9♡
7♣,7♡,9♢,9♣,9♡
7♢,7♠,9♢,9♣,9♡
7♣,7♠,9♢,9♣,9♡
7♡,7♠,9♢,9♣,9♡
8♢,8♣,9♢,9♣,9♡
8♢,8♡,9♢,9♣,9♡
8♣,8♡,9♢,9♣,9♡
8♢,8♠,9♢,9♣,9♡
8♣,8♠,9♢,9♣,9♡
8♡,8♠,9♢,9♣,9♡
9♢,9♣,9♡,T♢,T♣
9♢,9♣,9♡,T♢,T♡
9♢,9♣,9♡,T♣,T♡
9♢,9♣,9♡,T♢,T♠
9♢,9♣,9♡,T♣,T♠
9♢,9♣,9♡,T♡,T♠
9♢,9♣,9♡,J♢,J♣
9♢,9♣,9♡,J♢,J♡
9♢,9♣,9♡,J♣,J♡
9♢,9♣,9♡,J♢,J♠
9♢,9♣,9♡,J♣,J♠
9♢,9♣,9♡,J♡,J♠
9♢,9♣,9♡,Q♢,Q♣
9♢,9♣,9♡,Q♢,Q♡
9♢,9♣,9♡,Q♣,Q♡
9♢,9♣,9♡,Q♢,Q♠
9♢,9♣,9♡,Q♣,Q♠
9♢,9♣,9♡,Q♡,Q♠
9♢,9♣,9♡,K♢,K♣
9♢,9♣,9♡,K♢,K♡
9♢,9♣,9♡,K♣,K♡
9♢,9♣,9♡,K♢,K♠
9♢,9♣,9♡,K♣,K♠
9♢,9♣,9♡,K♡,K♠
9♢,9♣,9♡,A♢,A♣
9♢,9♣,9♡,A♢,A♡
9♢,9♣,9♡,A♣,A♡
9♢,9♣,9♡,A♢,A♠
9♢,9♣,9♡,A♣,A♠
9♢,9♣,9♡,A♡,A♠
9♢,9♣,9♡,2♢,2♣
9♢,9♣,9♡,2♢,2♡
9♢,9♣,9♡,2♣,2♡
9♢,9♣,9♡,2♢,2♠
9♢,9♣,9♡,2♣,2♠
9♢,9♣,9♡,2♡,2♠
3♢,3♣,9♢,9♣,9♠
3♢,3♡,9♢,9♣,9♠
3♣,3♡,9♢,9♣,9♠
3♢,3♠,9♢,9♣,9♠
3♣,3♠,9♢,9♣,9♠
3♡,3♠,9♢,9♣,9♠
4♢,4♣,9♢,9♣,9♠
4♢,4♡,9♢,9♣,9♠
4♣,4♡,9♢,9♣,9♠
4♢,4♠,9♢,9♣,9♠
4♣,4♠,9♢,9♣,9♠
4♡,4♠,9♢,9♣,9♠
5♢,5♣,9♢,9♣,9♠
5♢,5♡,9♢,9♣,9♠
5♣,5♡,9♢,9♣,9♠
5♢,5♠,9♢,9♣,9♠
5♣,5♠,9♢,9♣,9♠
5♡,5♠,9♢,9♣,9♠
6♢,6♣,9♢,9♣,9♠
6♢,6♡,9♢,9♣,9♠
6♣,6♡,9♢,9♣,9♠
6♢,6♠,9♢,9♣,9♠
6♣,6♠,9♢,9♣,9♠
6♡,6♠,9♢,9♣,9♠
7♢,7♣,9♢,9♣,9♠
7♢,7♡,9♢,9♣,9♠
7♣,7♡,9♢,9♣,9♠
7♢,7♠,9♢,9♣,9♠
7♣,7♠,9♢,9♣,9♠
7♡,7♠,9♢,9♣,9♠
8♢,8♣,9♢,9♣,9♠
8♢,8♡,9♢,9♣,9♠
8♣,8♡,9♢,9♣,9♠
8♢,8♠,9♢,9♣,9♠
8♣,8♠,9♢,9♣,9♠
8♡,8♠,9♢,9♣,9♠
9♢,9♣,9♠,T♢,T♣
9♢,9♣,9♠,T♢,T♡
9♢,9♣,9♠,T♣,T♡
9♢,9♣,9♠,T♢,T♠
9♢,9♣,9♠,T♣,T♠
9♢,9♣,9♠,T♡,T♠
9♢,9♣,9♠,J♢,J♣
9♢,9♣,9♠,J♢,J♡
9♢,9♣,9♠,J♣,J♡
9♢,9♣,9♠,J♢,J♠
9♢,9♣,9♠,J♣,J♠
9♢,9♣,9♠,J♡,J♠
9♢,9♣,9♠,Q♢,Q♣
9♢,9♣,9♠,Q♢,Q♡
9♢,9♣,9♠,Q♣,Q♡
9♢,9♣,9♠,Q♢,Q♠
9♢,9♣,9♠,Q♣,Q♠
9♢,9♣,9♠,Q♡,Q♠
9♢,9♣,9♠,K♢,K♣
9♢,9♣,9♠,K♢,K♡
9♢,9♣,9♠,K♣,K♡
9♢,9♣,9♠,K♢,K♠
9♢,9♣,9♠,K♣,K♠
9♢,9♣,9♠,K♡,K♠
9♢,9♣,9♠,A♢,A♣
9♢,9♣,9♠,A♢,A♡
9♢,9♣,9♠,A♣,A♡
9♢,9♣,9♠,A♢,A♠
9♢,9♣,9♠,A♣,A♠
9♢,9♣,9♠,A♡,A♠
9♢,9♣,9♠,2♢,2♣
9♢,9♣,9♠,2♢,2♡
9♢,9♣,9♠,2♣,2♡
9♢,9♣,9♠,2♢,2♠
9♢,9♣,9♠,2♣,2♠
9♢,9♣,9♠,2♡,2♠
3♢,3♣,9♢,9♡,9♠
3♢,3♡,9♢,9♡,9♠
3♣,3♡,9♢,9♡,9♠
3♢,3♠,9♢,9♡,9♠
3♣,3♠,9♢,9♡,9♠
3♡,3♠,9♢,9♡,9♠
4♢,4♣,9♢,9♡,9♠
4♢,4♡,9♢,9♡,9♠
4♣,4♡,9♢,9♡,9♠
4♢,4♠,9♢,9♡,9♠
4♣,4♠,9♢,9♡,9♠
4♡,4♠,9♢,9♡,9♠
5♢,5♣,9♢,9♡,9♠
5♢,5♡,9♢,9♡,9♠
5♣,5♡,9♢,9♡,9♠
5♢,5♠,9♢,9♡,9♠
5♣,5♠,9♢,9♡,9♠
5♡,5♠,9♢,9♡,9♠
6♢,6♣,9♢,9♡,9♠
6♢,6♡,9♢,9♡,9♠
6♣,6♡,9♢,9♡,9♠
6♢,6♠,9♢,9♡,9♠
6♣,6♠,9♢,9♡,9♠
6♡,6♠,9♢,9♡,9♠
7♢,7♣,9♢,9♡,9♠
7♢,7♡,9♢,9♡,9♠
7♣,7♡,9♢,9♡,9♠
7♢,7♠,9♢,9♡,9♠
7♣,7♠,9♢,9♡,9♠
7♡,7♠,9♢,9♡,9♠
8♢,8♣,9♢,9♡,9♠
8♢,8♡,9♢,9♡,9♠
8♣,8♡,9♢,9♡,9♠
8♢,8♠,9♢,9♡,9♠
8♣,8♠,9♢,9♡,9♠
8♡,8♠,9♢,9♡,9♠
9♢,9♡,9♠,T♢,T♣
9♢,9♡,9♠,T♢,T♡
9♢,9♡,9♠,T♣,T♡
9♢,9♡,9♠,T♢,T♠
9♢,9♡,9♠,T♣,T♠
9♢,9♡,9♠,T♡,T♠
9♢,9♡,9♠,J♢,J♣
9♢,9♡,9♠,J♢,J♡
9♢,9♡,9♠,J♣,J♡
9♢,9♡,9♠,J♢,J♠
9♢,9♡,9♠,J♣,J♠
9♢,9♡,9♠,J♡,J♠
9♢,9♡,9♠,Q♢,Q♣
9♢,9♡,9♠,Q♢,Q♡
9♢,9♡,9♠,Q♣,Q♡
9♢,9♡,9♠,Q♢,Q♠
9♢,9♡,9♠,Q♣,Q♠
9♢,9♡,9♠,Q♡,Q♠
9♢,9♡,9♠,K♢,K♣
9♢,9♡,9♠,K♢,K♡
9♢,9♡,9♠,K♣,K♡
9♢,9♡,9♠,K♢,K♠
9♢,9♡,9♠,K♣,K♠
9♢,9♡,9♠,K♡,K♠
9♢,9♡,9♠,A♢,A♣
9♢,9♡,9♠,A♢,A♡
9♢,9♡,9♠,A♣,A♡
9♢,9♡,9♠,A♢,A♠
9♢,9♡,9♠,A♣,A♠
9♢,9♡,9♠,A♡,A♠
9♢,9♡,9♠,2♢,2♣
9♢,9♡,9♠,2♢,2♡
9♢,9♡,9♠,2♣,2♡
9♢,9♡,9♠,2♢,2♠
9♢,9♡,9♠,2♣,2♠
9♢,9♡,9♠,2♡,2♠
3♢,3♣,9♣,9♡,9♠
3♢,3♡,9♣,9♡,9♠
3♣,3♡,9♣,9♡,9♠
3♢,3♠,9♣,9♡,9♠
3♣,3♠,9♣,9♡,9♠
3♡,3♠,9♣,9♡,9♠
4♢,4♣,9♣,9♡,9♠
4♢,4♡,9♣,9♡,9♠
4♣,4♡,9♣,9♡,9♠
4♢,4♠,9♣,9♡,9♠
4♣,4♠,9♣,9♡,9♠
4♡,4♠,9♣,9♡,9♠
5♢,5♣,9♣,9♡,9♠
5♢,5♡,9♣,9♡,9♠
5♣,5♡,9♣,9♡,9♠
5♢,5♠,9♣,9♡,9♠
5♣,5♠,9♣,9♡,9♠
5♡,5♠,9♣,9♡,9♠
6♢,6♣,9♣,9♡,9♠
6♢,6♡,9♣,9♡,9♠
6♣,6♡,9♣,9♡,9♠
6♢,6♠,9♣,9♡,9♠
6♣,6♠,9♣,9♡,9♠
6♡,6♠,9♣,9♡,9♠
7♢,7♣,9♣,9♡,9♠
7♢,7♡,9♣,9♡,9♠
7♣,7♡,9♣,9♡,9♠
7♢,7♠,9♣,9♡,9♠
7♣,7♠,9♣,9♡,9♠
7♡,7♠,9♣,9♡,9♠
8♢,8♣,9♣,9♡,9♠
8♢,8♡,9♣,9♡,9♠
8♣,8♡,9♣,9♡,9♠
8♢,8♠,9♣,9♡,9♠
8♣,8♠,9♣,9♡,9♠
8♡,8♠,9♣,9♡,9♠
9♣,9♡,9♠,T♢,T♣
9♣,9♡,9♠,T♢,T♡
9♣,9♡,9♠,T♣,T♡
9♣,9♡,9♠,T♢,T♠
9♣,9♡,9♠,T♣,T♠
9♣,9♡,9♠,T♡,T♠
9♣,9♡,9♠,J♢,J♣
9♣,9♡,9♠,J♢,J♡
9♣,9♡,9♠,J♣,J♡
9♣,9♡,9♠,J♢,J♠
9♣,9♡,9♠,J♣,J♠
9♣,9♡,9♠,J♡,J♠
9♣,9♡,9♠,Q♢,Q♣
9♣,9♡,9♠,Q♢,Q♡
9♣,9♡,9♠,Q♣,Q♡
9♣,9♡,9♠,Q♢,Q♠
9♣,9♡,9♠,Q♣,Q♠
9♣,9♡,9♠,Q♡,Q♠
9♣,9♡,9♠,K♢,K♣
9♣,9♡,9♠,K♢,K♡
9♣,9♡,9♠,K♣,K♡
9♣,9♡,9♠,K♢,K♠
9♣,9♡,9♠,K♣,K♠
9♣,9♡,9♠,K♡,K♠
9♣,9♡,9♠,A♢,A♣
9♣,9♡,9♠,A♢,A♡
9♣,9♡,9♠,A♣,A♡
9♣,9♡,9♠,A♢,A♠
9♣,9♡,9♠,A♣,A♠
9♣,9♡,9♠,A♡,A♠
9♣,9♡,9♠,2♢,2♣
9♣,9♡,9♠,2♢,2♡
9♣,9♡,9♠,2♣,2♡
9♣,9♡,9♠,2♢,2♠
9♣,9♡,9♠,2♣,2♠
9♣,9♡,9♠,2♡,2♠
3♢,3♣,T♢,T♣,T♡
3♢,3♡,T♢,T♣,T♡
3♣,3♡,T♢,T♣,T♡
3♢,3♠,T♢,T♣,T♡
3♣,3♠,T♢,T♣,T♡
3♡,3♠,T♢,T♣,T♡
4♢,4♣,T♢,T♣,T♡
4♢,4♡,T♢,T♣,T♡
4♣,4♡,T♢,T♣,T♡
4♢,4♠,T♢,T♣,T♡
4♣,4♠,T♢,T♣,T♡
4♡,4♠,T♢,T♣,T♡
5♢,5♣,T♢,T♣,T♡
5♢,5♡,T♢,T♣,T♡
5♣,5♡,T♢,T♣,T♡
5♢,5♠,T♢,T♣,T♡
5♣,5♠,T♢,T♣,T♡
5♡,5♠,T♢,T♣,T♡
6♢,6♣,T♢,T♣,T♡
6♢,6♡,T♢,T♣,T♡
6♣,6♡,T♢,T♣,T♡
6♢,6♠,T♢,T♣,T♡
6♣,6♠,T♢,T♣,T♡
6♡,6♠,T♢,T♣,T♡
7♢,7♣,T♢,T♣,T♡
7♢,7♡,T♢,T♣,T♡
7♣,7♡,T♢,T♣,T♡
7♢,7♠,T♢,T♣,T♡
7♣,7♠,T♢,T♣,T♡
7♡,7♠,T♢,T♣,T♡
8♢,8♣,T♢,T♣,T♡
8♢,8♡,T♢,T♣,T♡
8♣,8♡,T♢,T♣,T♡
8♢,8♠,T♢,T♣,T♡
8♣,8♠,T♢,T♣,T♡
8♡,8♠,T♢,T♣,T♡
9♢,9♣,T♢,T♣,T♡
9♢,9♡,T♢,T♣,T♡
9♣,9♡,T♢,T♣,T♡
9♢,9♠,T♢,T♣,T♡
9♣,9♠,T♢,T♣,T♡
9♡,9♠,T♢,T♣,T♡
T♢,T♣,T♡,J♢,J♣
T♢,T♣,T♡,J♢,J♡
T♢,T♣,T♡,J♣,J♡
T♢,T♣,T♡,J♢,J♠
T♢,T♣,T♡,J♣,J♠
T♢,T♣,T♡,J♡,J♠
T♢,T♣,T♡,Q♢,Q♣
T♢,T♣,T♡,Q♢,Q♡
T♢,T♣,T♡,Q♣,Q♡
T♢,T♣,T♡,Q♢,Q♠
T♢,T♣,T♡,Q♣,Q♠
T♢,T♣,T♡,Q♡,Q♠
T♢,T♣,T♡,K♢,K♣
T♢,T♣,T♡,K♢,K♡
T♢,T♣,T♡,K♣,K♡
T♢,T♣,T♡,K♢,K♠
T♢,T♣,T♡,K♣,K♠
T♢,T♣,T♡,K♡,K♠
T♢,T♣,T♡,A♢,A♣
T♢,T♣,T♡,A♢,A♡
T♢,T♣,T♡,A♣,A♡
T♢,T♣,T♡,A♢,A♠
T♢,T♣,T♡,A♣,A♠
T♢,T♣,T♡,A♡,A♠
T♢,T♣,T♡,2♢,2♣
T♢,T♣,T♡,2♢,2♡
T♢,T♣,T♡,2♣,2♡
T♢,T♣,T♡,2♢,2♠
T♢,T♣,T♡,2♣,2♠
T♢,T♣,T♡,2♡,2♠
3♢,3♣,T♢,T♣,T♠
3♢,3♡,T♢,T♣,T♠
3♣,3♡,T♢,T♣,T♠
3♢,3♠,T♢,T♣,T♠
3♣,3♠,T♢,T♣,T♠
3♡,3♠,T♢,T♣,T♠
4♢,4♣,T♢,T♣,T♠
4♢,4♡,T♢,T♣,T♠
4♣,4♡,T♢,T♣,T♠
4♢,4♠,T♢,T♣,T♠
4♣,4♠,T♢,T♣,T♠
4♡,4♠,T♢,T♣,T♠
5♢,5♣,T♢,T♣,T♠
5♢,5♡,T♢,T♣,T♠
5♣,5♡,T♢,T♣,T♠
5♢,5♠,T♢,T♣,T♠
5♣,5♠,T♢,T♣,T♠
5♡,5♠,T♢,T♣,T♠
6♢,6♣,T♢,T♣,T♠
6♢,6♡,T♢,T♣,T♠
6♣,6♡,T♢,T♣,T♠
6♢,6♠,T♢,T♣,T♠
6♣,6♠,T♢,T♣,T♠
6♡,6♠,T♢,T♣,T♠
7♢,7♣,T♢,T♣,T♠
7♢,7♡,T♢,T♣,T♠
7♣,7♡,T♢,T♣,T♠
7♢,7♠,T♢,T♣,T♠
7♣,7♠,T♢,T♣,T♠
7♡,7♠,T♢,T♣,T♠
8♢,8♣,T♢,T♣,T♠
8♢,8♡,T♢,T♣,T♠
8♣,8♡,T♢,T♣,T♠
8♢,8♠,T♢,T♣,T♠
8♣,8♠,T♢,T♣,T♠
8♡,8♠,T♢,T♣,T♠
9♢,9♣,T♢,T♣,T♠
9♢,9♡,T♢,T♣,T♠
9♣,9♡,T♢,T♣,T♠
9♢,9♠,T♢,T♣,T♠
9♣,9♠,T♢,T♣,T♠
9♡,9♠,T♢,T♣,T♠
T♢,T♣,T♠,J♢,J♣
T♢,T♣,T♠,J♢,J♡
T♢,T♣,T♠,J♣,J♡
T♢,T♣,T♠,J♢,J♠
T♢,T♣,T♠,J♣,J♠
T♢,T♣,T♠,J♡,J♠
T♢,T♣,T♠,Q♢,Q♣
T♢,T♣,T♠,Q♢,Q♡
T♢,T♣,T♠,Q♣,Q♡
T♢,T♣,T♠,Q♢,Q♠
T♢,T♣,T♠,Q♣,Q♠
T♢,T♣,T♠,Q♡,Q♠
T♢,T♣,T♠,K♢,K♣
T♢,T♣,T♠,K♢,K♡
T♢,T♣,T♠,K♣,K♡
T♢,T♣,T♠,K♢,K♠
T♢,T♣,T♠,K♣,K♠
T♢,T♣,T♠,K♡,K♠
T♢,T♣,T♠,A♢,A♣
T♢,T♣,T♠,A♢,A♡
T♢,T♣,T♠,A♣,A♡
T♢,T♣,T♠,A♢,A♠
T♢,T♣,T♠,A♣,A♠
T♢,T♣,T♠,A♡,A♠
T♢,T♣,T♠,2♢,2♣
T♢,T♣,T♠,2♢,2♡
T♢,T♣,T♠,2♣,2♡
T♢,T♣,T♠,2♢,2♠
T♢,T♣,T♠,2♣,2♠
T♢,T♣,T♠,2♡,2♠
3♢,3♣,T♢,T♡,T♠
3♢,3♡,T♢,T♡,T♠
3♣,3♡,T♢,T♡,T♠
3♢,3♠,T♢,T♡,T♠
3♣,3♠,T♢,T♡,T♠
3♡,3♠,T♢,T♡,T♠
4♢,4♣,T♢,T♡,T♠
4♢,4♡,T♢,T♡,T♠
4♣,4♡,T♢,T♡,T♠
4♢,4♠,T♢,T♡,T♠
4♣,4♠,T♢,T♡,T♠
4♡,4♠,T♢,T♡,T♠
5♢,5♣,T♢,T♡,T♠
5♢,5♡,T♢,T♡,T♠
5♣,5♡,T♢,T♡,T♠
5♢,5♠,T♢,T♡,T♠
5♣,5♠,T♢,T♡,T♠
5♡,5♠,T♢,T♡,T♠
6♢,6♣,T♢,T♡,T♠
6♢,6♡,T♢,T♡,T♠
6♣,6♡,T♢,T♡,T♠
6♢,6♠,T♢,T♡,T♠
6♣,6♠,T♢,T♡,T♠
6♡,6♠,T♢,T♡,T♠
7♢,7♣,T♢,T♡,T♠
7♢,7♡,T♢,T♡,T♠
7♣,7♡,T♢,T♡,T♠
7♢,7♠,T♢,T♡,T♠
7♣,7♠,T♢,T♡,T♠
7♡,7♠,T♢,T♡,T♠
8♢,8♣,T♢,T♡,T♠
8♢,8♡,T♢,T♡,T♠
8♣,8♡,T♢,T♡,T♠
8♢,8♠,T♢,T♡,T♠
8♣,8♠,T♢,T♡,T♠
8♡,8♠,T♢,T♡,T♠
9♢,9♣,T♢,T♡,T♠
9♢,9♡,T♢,T♡,T♠
9♣,9♡,T♢,T♡,T♠
9♢,9♠,T♢,T♡,T♠
9♣,9♠,T♢,T♡,T♠
9♡,9♠,T♢,T♡,T♠
T♢,T♡,T♠,J♢,J♣
T♢,T♡,T♠,J♢,J♡
T♢,T♡,T♠,J♣,J♡
T♢,T♡,T♠,J♢,J♠
T♢,T♡,T♠,J♣,J♠
T♢,T♡,T♠,J♡,J♠
T♢,T♡,T♠,Q♢,Q♣
T♢,T♡,T♠,Q♢,Q♡
T♢,T♡,T♠,Q♣,Q♡
T♢,T♡,T♠,Q♢,Q♠
T♢,T♡,T♠,Q♣,Q♠
T♢,T♡,T♠,Q♡,Q♠
T♢,T♡,T♠,K♢,K♣
T♢,T♡,T♠,K♢,K♡
T♢,T♡,T♠,K♣,K♡
T♢,T♡,T♠,K♢,K♠
T♢,T♡,T♠,K♣,K♠
T♢,T♡,T♠,K♡,K♠
T♢,T♡,T♠,A♢,A♣
T♢,T♡,T♠,A♢,A♡
T♢,T♡,T♠,A♣,A♡
T♢,T♡,T♠,A♢,A♠
T♢,T♡,T♠,A♣,A♠
T♢,T♡,T♠,A♡,A♠
T♢,T♡,T♠,2♢,2♣
T♢,T♡,T♠,2♢,2♡
T♢,T♡,T♠,2♣,2♡
T♢,T♡,T♠,2♢,2♠
T♢,T♡,T♠,2♣,2♠
T♢,T♡,T♠,2♡,2♠
3♢,3♣,T♣,T♡,T♠
3♢,3♡,T♣,T♡,T♠
3♣,3♡,T♣,T♡,T♠
3♢,3♠,T♣,T♡,T♠
3♣,3♠,T♣,T♡,T♠
3♡,3♠,T♣,T♡,T♠
4♢,4♣,T♣,T♡,T♠
4♢,4♡,T♣,T♡,T♠
4♣,4♡,T♣,T♡,T♠
4♢,4♠,T♣,T♡,T♠
4♣,4♠,T♣,T♡,T♠
4♡,4♠,T♣,T♡,T♠
5♢,5♣,T♣,T♡,T♠
5♢,5♡,T♣,T♡,T♠
5♣,5♡,T♣,T♡,T♠
5♢,5♠,T♣,T♡,T♠
5♣,5♠,T♣,T♡,T♠
5♡,5♠,T♣,T♡,T♠
6♢,6♣,T♣,T♡,T♠
6♢,6♡,T♣,T♡,T♠
6♣,6♡,T♣,T♡,T♠
6♢,6♠,T♣,T♡,T♠
6♣,6♠,T♣,T♡,T♠
6♡,6♠,T♣,T♡,T♠
7♢,7♣,T♣,T♡,T♠
7♢,7♡,T♣,T♡,T♠
7♣,7♡,T♣,T♡,T♠
7♢,7♠,T♣,T♡,T♠
7♣,7♠,T♣,T♡,T♠
7♡,7♠,T♣,T♡,T♠
8♢,8♣,T♣,T♡,T♠
8♢,8♡,T♣,T♡,T♠
8♣,8♡,T♣,T♡,T♠
8♢,8♠,T♣,T♡,T♠
8♣,8♠,T♣,T♡,T♠
8♡,8♠,T♣,T♡,T♠
9♢,9♣,T♣,T♡,T♠
9♢,9♡,T♣,T♡,T♠
9♣,9♡,T♣,T♡,T♠
9♢,9♠,T♣,T♡,T♠
9♣,9♠,T♣,T♡,T♠
9♡,9♠,T♣,T♡,T♠
T♣,T♡,T♠,J♢,J♣
T♣,T♡,T♠,J♢,J♡
T♣,T♡,T♠,J♣,J♡
T♣,T♡,T♠,J♢,J♠
T♣,T♡,T♠,J♣,J♠
T♣,T♡,T♠,J♡,J♠
T♣,T♡,T♠,Q♢,Q♣
T♣,T♡,T♠,Q♢,Q♡
T♣,T♡,T♠,Q♣,Q♡
T♣,T♡,T♠,Q♢,Q♠
T♣,T♡,T♠,Q♣,Q♠
T♣,T♡,T♠,Q♡,Q♠
T♣,T♡,T♠,K♢,K♣
T♣,T♡,T♠,K♢,K♡
T♣,T♡,T♠,K♣,K♡
T♣,T♡,T♠,K♢,K♠
T♣,T♡,T♠,K♣,K♠
T♣,T♡,T♠,K♡,K♠
T♣,T♡,T♠,A♢,A♣
T♣,T♡,T♠,A♢,A♡
T♣,T♡,T♠,A♣,A♡
T♣,T♡,T♠,A♢,A♠
T♣,T♡,T♠,A♣,A♠
T♣,T♡,T♠,A♡,A♠
T♣,T♡,T♠,2♢,2♣
T♣,T♡,T♠,2♢,2♡
T♣,T♡,T♠,2♣,2♡
T♣,T♡,T♠,2♢,2♠
T♣,T♡,T♠,2♣,2♠
T♣,T♡,T♠,2♡,2♠
3♢,3♣,J♢,J♣,J♡
3♢,3♡,J♢,J♣,J♡
3♣,3♡,J♢,J♣,J♡
3♢,3♠,J♢,J♣,J♡
3♣,3♠,J♢,J♣,J♡
3♡,3♠,J♢,J♣,J♡
4♢,4♣,J♢,J♣,J♡
4♢,4♡,J♢,J♣,J♡
4♣,4♡,J♢,J♣,J♡
4♢,4♠,J♢,J♣,J♡
4♣,4♠,J♢,J♣,J♡
4♡,4♠,J♢,J♣,J♡
5♢,5♣,J♢,J♣,J♡
5♢,5♡,J♢,J♣,J♡
5♣,5♡,J♢,J♣,J♡
5♢,5♠,J♢,J♣,J♡
5♣,5♠,J♢,J♣,J♡
5♡,5♠,J♢,J♣,J♡
6♢,6♣,J♢,J♣,J♡
6♢,6♡,J♢,J♣,J♡
6♣,6♡,J♢,J♣,J♡
6♢,6♠,J♢,J♣,J♡
6♣,6♠,J♢,J♣,J♡
6♡,6♠,J♢,J♣,J♡
7♢,7♣,J♢,J♣,J♡
7♢,7♡,J♢,J♣,J♡
7♣,7♡,J♢,J♣,J♡
7♢,7♠,J♢,J♣,J♡
7♣,7♠,J♢,J♣,J♡
7♡,7♠,J♢,J♣,J♡
8♢,8♣,J♢,J♣,J♡
8♢,8♡,J♢,J♣,J♡
8♣,8♡,J♢,J♣,J♡
8♢,8♠,J♢,J♣,J♡
8♣,8♠,J♢,J♣,J♡
8♡,8♠,J♢,J♣,J♡
9♢,9♣,J♢,J♣,J♡
9♢,9♡,J♢,J♣,J♡
9♣,9♡,J♢,J♣,J♡
9♢,9♠,J♢,J♣,J♡
9♣,9♠,J♢,J♣,J♡
9♡,9♠,J♢,J♣,J♡
T♢,T♣,J♢,J♣,J♡
T♢,T♡,J♢,J♣,J♡
T♣,T♡,J♢,J♣,J♡
T♢,T♠,J♢,J♣,J♡
T♣,T♠,J♢,J♣,J♡
T♡,T♠,J♢,J♣,J♡
J♢,J♣,J♡,Q♢,Q♣
J♢,J♣,J♡,Q♢,Q♡
J♢,J♣,J♡,Q♣,Q♡
J♢,J♣,J♡,Q♢,Q♠
J♢,J♣,J♡,Q♣,Q♠
J♢,J♣,J♡,Q♡,Q♠
J♢,J♣,J♡,K♢,K♣
J♢,J♣,J♡,K♢,K♡
J♢,J♣,J♡,K♣,K♡
J♢,J♣,J♡,K♢,K♠
J♢,J♣,J♡,K♣,K♠
J♢,J♣,J♡,K♡,K♠
J♢,J♣,J♡,A♢,A♣
J♢,J♣,J♡,A♢,A♡
J♢,J♣,J♡,A♣,A♡
J♢,J♣,J♡,A♢,A♠
J♢,J♣,J♡,A♣,A♠
J♢,J♣,J♡,A♡,A♠
J♢,J♣,J♡,2♢,2♣
J♢,J♣,J♡,2♢,2♡
J♢,J♣,J♡,2♣,2♡
J♢,J♣,J♡,2♢,2♠
J♢,J♣,J♡,2♣,2♠
J♢,J♣,J♡,2♡,2♠
3♢,3♣,J♢,J♣,J♠
3♢,3♡,J♢,J♣,J♠
3♣,3♡,J♢,J♣,J♠
3♢,3♠,J♢,J♣,J♠
3♣,3♠,J♢,J♣,J♠
3♡,3♠,J♢,J♣,J♠
4♢,4♣,J♢,J♣,J♠
4♢,4♡,J♢,J♣,J♠
4♣,4♡,J♢,J♣,J♠
4♢,4♠,J♢,J♣,J♠
4♣,4♠,J♢,J♣,J♠
4♡,4♠,J♢,J♣,J♠
5♢,5♣,J♢,J♣,J♠
5♢,5♡,J♢,J♣,J♠
5♣,5♡,J♢,J♣,J♠
5♢,5♠,J♢,J♣,J♠
5♣,5♠,J♢,J♣,J♠
5♡,5♠,J♢,J♣,J♠
6♢,6♣,J♢,J♣,J♠
6♢,6♡,J♢,J♣,J♠
6♣,6♡,J♢,J♣,J♠
6♢,6♠,J♢,J♣,J♠
6♣,6♠,J♢,J♣,J♠
6♡,6♠,J♢,J♣,J♠
7♢,7♣,J♢,J♣,J♠
7♢,7♡,J♢,J♣,J♠
7♣,7♡,J♢,J♣,J♠
7♢,7♠,J♢,J♣,J♠
7♣,7♠,J♢,J♣,J♠
7♡,7♠,J♢,J♣,J♠
8♢,8♣,J♢,J♣,J♠
8♢,8♡,J♢,J♣,J♠
8♣,8♡,J♢,J♣,J♠
8♢,8♠,J♢,J♣,J♠
8♣,8♠,J♢,J♣,J♠
8♡,8♠,J♢,J♣,J♠
9♢,9♣,J♢,J♣,J♠
9♢,9♡,J♢,J♣,J♠
9♣,9♡,J♢,J♣,J♠
9♢,9♠,J♢,J♣,J♠
9♣,9♠,J♢,J♣,J♠
9♡,9♠,J♢,J♣,J♠
T♢,T♣,J♢,J♣,J♠
T♢,T♡,J♢,J♣,J♠
T♣,T♡,J♢,J♣,J♠
T♢,T♠,J♢,J♣,J♠
T♣,T♠,J♢,J♣,J♠
T♡,T♠,J♢,J♣,J♠
J♢,J♣,J♠,Q♢,Q♣
J♢,J♣,J♠,Q♢,Q♡
J♢,J♣,J♠,Q♣,Q♡
J♢,J♣,J♠,Q♢,Q♠
J♢,J♣,J♠,Q♣,Q♠
J♢,J♣,J♠,Q♡,Q♠
J♢,J♣,J♠,K♢,K♣
J♢,J♣,J♠,K♢,K♡
J♢,J♣,J♠,K♣,K♡
J♢,J♣,J♠,K♢,K♠
J♢,J♣,J♠,K♣,K♠
J♢,J♣,J♠,K♡,K♠
J♢,J♣,J♠,A♢,A♣
J♢,J♣,J♠,A♢,A♡
J♢,J♣,J♠,A♣,A♡
J♢,J♣,J♠,A♢,A♠
J♢,J♣,J♠,A♣,A♠
J♢,J♣,J♠,A♡,A♠
J♢,J♣,J♠,2♢,2♣
J♢,J♣,J♠,2♢,2♡
J♢,J♣,J♠,2♣,2♡
J♢,J♣,J♠,2♢,2♠
J♢,J♣,J♠,2♣,2♠
J♢,J♣,J♠,2♡,2♠
3♢,3♣,J♢,J♡,J♠
3♢,3♡,J♢,J♡,J♠
3♣,3♡,J♢,J♡,J♠
3♢,3♠,J♢,J♡,J♠
3♣,3♠,J♢,J♡,J♠
3♡,3♠,J♢,J♡,J♠
4♢,4♣,J♢,J♡,J♠
4♢,4♡,J♢,J♡,J♠
4♣,4♡,J♢,J♡,J♠
4♢,4♠,J♢,J♡,J♠
4♣,4♠,J♢,J♡,J♠
4♡,4♠,J♢,J♡,J♠
5♢,5♣,J♢,J♡,J♠
5♢,5♡,J♢,J♡,J♠
5♣,5♡,J♢,J♡,J♠
5♢,5♠,J♢,J♡,J♠
5♣,5♠,J♢,J♡,J♠
5♡,5♠,J♢,J♡,J♠
6♢,6♣,J♢,J♡,J♠
6♢,6♡,J♢,J♡,J♠
6♣,6♡,J♢,J♡,J♠
6♢,6♠,J♢,J♡,J♠
6♣,6♠,J♢,J♡,J♠
6♡,6♠,J♢,J♡,J♠
7♢,7♣,J♢,J♡,J♠
7♢,7♡,J♢,J♡,J♠
7♣,7♡,J♢,J♡,J♠
7♢,7♠,J♢,J♡,J♠
7♣,7♠,J♢,J♡,J♠
7♡,7♠,J♢,J♡,J♠
8♢,8♣,J♢,J♡,J♠
8♢,8♡,J♢,J♡,J♠
8♣,8♡,J♢,J♡,J♠
8♢,8♠,J♢,J♡,J♠
8♣,8♠,J♢,J♡,J♠
8♡,8♠,J♢,J♡,J♠
9♢,9♣,J♢,J♡,J♠
9♢,9♡,J♢,J♡,J♠
9♣,9♡,J♢,J♡,J♠
9♢,9♠,J♢,J♡,J♠
9♣,9♠,J♢,J♡,J♠
9♡,9♠,J♢,J♡,J♠
T♢,T♣,J♢,J♡,J♠
T♢,T♡,J♢,J♡,J♠
T♣,T♡,J♢,J♡,J♠
T♢,T♠,J♢,J♡,J♠
T♣,T♠,J♢,J♡,J♠
T♡,T♠,J♢,J♡,J♠
J♢,J♡,J♠,Q♢,Q♣
J♢,J♡,J♠,Q♢,Q♡
J♢,J♡,J♠,Q♣,Q♡
J♢,J♡,J♠,Q♢,Q♠
J♢,J♡,J♠,Q♣,Q♠
J♢,J♡,J♠,Q♡,Q♠
J♢,J♡,J♠,K♢,K♣
J♢,J♡,J♠,K♢,K♡
J♢,J♡,J♠,K♣,K♡
J♢,J♡,J♠,K♢,K♠
J♢,J♡,J♠,K♣,K♠
J♢,J♡,J♠,K♡,K♠
J♢,J♡,J♠,A♢,A♣
J♢,J♡,J♠,A♢,A♡
J♢,J♡,J♠,A♣,A♡
J♢,J♡,J♠,A♢,A♠
J♢,J♡,J♠,A♣,A♠
J♢,J♡,J♠,A♡,A♠
J♢,J♡,J♠,2♢,2♣
J♢,J♡,J♠,2♢,2♡
J♢,J♡,J♠,2♣,2♡
J♢,J♡,J♠,2♢,2♠
J♢,J♡,J♠,2♣,2♠
J♢,J♡,J♠,2♡,2♠
3♢,3♣,J♣,J♡,J♠
3♢,3♡,J♣,J♡,J♠
3♣,3♡,J♣,J♡,J♠
3♢,3♠,J♣,J♡,J♠
3♣,3♠,J♣,J♡,J♠
3♡,3♠,J♣,J♡,J♠
4♢,4♣,J♣,J♡,J♠
4♢,4♡,J♣,J♡,J♠
4♣,4♡,J♣,J♡,J♠
4♢,4♠,J♣,J♡,J♠
4♣,4♠,J♣,J♡,J♠
4♡,4♠,J♣,J♡,J♠
5♢,5♣,J♣,J♡,J♠
5♢,5♡,J♣,J♡,J♠
5♣,5♡,J♣,J♡,J♠
5♢,5♠,J♣,J♡,J♠
5♣,5♠,J♣,J♡,J♠
5♡,5♠,J♣,J♡,J♠
6♢,6♣,J♣,J♡,J♠
6♢,6♡,J♣,J♡,J♠
6♣,6♡,J♣,J♡,J♠
6♢,6♠,J♣,J♡,J♠
6♣,6♠,J♣,J♡,J♠
6♡,6♠,J♣,J♡,J♠
7♢,7♣,J♣,J♡,J♠
7♢,7♡,J♣,J♡,J♠
7♣,7♡,J♣,J♡,J♠
7♢,7♠,J♣,J♡,J♠
7♣,7♠,J♣,J♡,J♠
7♡,7♠,J♣,J♡,J♠
8♢,8♣,J♣,J♡,J♠
8♢,8♡,J♣,J♡,J♠
8♣,8♡,J♣,J♡,J♠
8♢,8♠,J♣,J♡,J♠
8♣,8♠,J♣,J♡,J♠
8♡,8♠,J♣,J♡,J♠
9♢,9♣,J♣,J♡,J♠
9♢,9♡,J♣,J♡,J♠
9♣,9♡,J♣,J♡,J♠
9♢,9♠,J♣,J♡,J♠
9♣,9♠,J♣,J♡,J♠
9♡,9♠,J♣,J♡,J♠
T♢,T♣,J♣,J♡,J♠
T♢,T♡,J♣,J♡,J♠
T♣,T♡,J♣,J♡,J♠
T♢,T♠,J♣,J♡,J♠
T♣,T♠,J♣,J♡,J♠
T♡,T♠,J♣,J♡,J♠
J♣,J♡,J♠,Q♢,Q♣
J♣,J♡,J♠,Q♢,Q♡
J♣,J♡,J♠,Q♣,Q♡
J♣,J♡,J♠,Q♢,Q♠
J♣,J♡,J♠,Q♣,Q♠
J♣,J♡,J♠,Q♡,Q♠
J♣,J♡,J♠,K♢,K♣
J♣,J♡,J♠,K♢,K♡
J♣,J♡,J♠,K♣,K♡
J♣,J♡,J♠,K♢,K♠
J♣,J♡,J♠,K♣,K♠
J♣,J♡,J♠,K♡,K♠
J♣,J♡,J♠,A♢,A♣
J♣,J♡,J♠,A♢,A♡
J♣,J♡,J♠,A♣,A♡
J♣,J♡,J♠,A♢,A♠
J♣,J♡,J♠,A♣,A♠
J♣,J♡,J♠,A♡,A♠
J♣,J♡,J♠,2♢,2♣
J♣,J♡,J♠,2♢,2♡
J♣,J♡,J♠,2♣,2♡
J♣,J♡,J♠,2♢,2♠
J♣,J♡,J♠,2♣,2♠
J♣,J♡,J♠,2♡,2♠
3♢,3♣,Q♢,Q♣,Q♡
3♢,3♡,Q♢,Q♣,Q♡
3♣,3♡,Q♢,Q♣,Q♡
3♢,3♠,Q♢,Q♣,Q♡
3♣,3♠,Q♢,Q♣,Q♡
3♡,3♠,Q♢,Q♣,Q♡
4♢,4♣,Q♢,Q♣,Q♡
4♢,4♡,Q♢,Q♣,Q♡
4♣,4♡,Q♢,Q♣,Q♡
4♢,4♠,Q♢,Q♣,Q♡
4♣,4♠,Q♢,Q♣,Q♡
4♡,4♠,Q♢,Q♣,Q♡
5♢,5♣,Q♢,Q♣,Q♡
5♢,5♡,Q♢,Q♣,Q♡
5♣,5♡,Q♢,Q♣,Q♡
5♢,5♠,Q♢,Q♣,Q♡
5♣,5♠,Q♢,Q♣,Q♡
5♡,5♠,Q♢,Q♣,Q♡
6♢,6♣,Q♢,Q♣,Q♡
6♢,6♡,Q♢,Q♣,Q♡
6♣,6♡,Q♢,Q♣,Q♡
6♢,6♠,Q♢,Q♣,Q♡
6♣,6♠,Q♢,Q♣,Q♡
6♡,6♠,Q♢,Q♣,Q♡
7♢,7♣,Q♢,Q♣,Q♡
7♢,7♡,Q♢,Q♣,Q♡
7♣,7♡,Q♢,Q♣,Q♡
7♢,7♠,Q♢,Q♣,Q♡
7♣,7♠,Q♢,Q♣,Q♡
7♡,7♠,Q♢,Q♣,Q♡
8♢,8♣,Q♢,Q♣,Q♡
8♢,8♡,Q♢,Q♣,Q♡
8♣,8♡,Q♢,Q♣,Q♡
8♢,8♠,Q♢,Q♣,Q♡
8♣,8♠,Q♢,Q♣,Q♡
8♡,8♠,Q♢,Q♣,Q♡
9♢,9♣,Q♢,Q♣,Q♡
9♢,9♡,Q♢,Q♣,Q♡
9♣,9♡,Q♢,Q♣,Q♡
9♢,9♠,Q♢,Q♣,Q♡
9♣,9♠,Q♢,Q♣,Q♡
9♡,9♠,Q♢,Q♣,Q♡
T♢,T♣,Q♢,Q♣,Q♡
T♢,T♡,Q♢,Q♣,Q♡
T♣,T♡,Q♢,Q♣,Q♡
T♢,T♠,Q♢,Q♣,Q♡
T♣,T♠,Q♢,Q♣,Q♡
T♡,T♠,Q♢,Q♣,Q♡
J♢,J♣,Q♢,Q♣,Q♡
J♢,J♡,Q♢,Q♣,Q♡
J♣,J♡,Q♢,Q♣,Q♡
J♢,J♠,Q♢,Q♣,Q♡
J♣,J♠,Q♢,Q♣,Q♡
J♡,J♠,Q♢,Q♣,Q♡
Q♢,Q♣,Q♡,K♢,K♣
Q♢,Q♣,Q♡,K♢,K♡
Q♢,Q♣,Q♡,K♣,K♡
Q♢,Q♣,Q♡,K♢,K♠
Q♢,Q♣,Q♡,K♣,K♠
Q♢,Q♣,Q♡,K♡,K♠
Q♢,Q♣,Q♡,A♢,A♣
Q♢,Q♣,Q♡,A♢,A♡
Q♢,Q♣,Q♡,A♣,A♡
Q♢,Q♣,Q♡,A♢,A♠
Q♢,Q♣,Q♡,A♣,A♠
Q♢,Q♣,Q♡,A♡,A♠
Q♢,Q♣,Q♡,2♢,2♣
Q♢,Q♣,Q♡,2♢,2♡
Q♢,Q♣,Q♡,2♣,2♡
Q♢,Q♣,Q♡,2♢,2♠
Q♢,Q♣,Q♡,2♣,2♠
Q♢,Q♣,Q♡,2♡,2♠
3♢,3♣,Q♢,Q♣,Q♠
3♢,3♡,Q♢,Q♣,Q♠
3♣,3♡,Q♢,Q♣,Q♠
3♢,3♠,Q♢,Q♣,Q♠
3♣,3♠,Q♢,Q♣,Q♠
3♡,3♠,Q♢,Q♣,Q♠
4♢,4♣,Q♢,Q♣,Q♠
4♢,4♡,Q♢,Q♣,Q♠
4♣,4♡,Q♢,Q♣,Q♠
4♢,4♠,Q♢,Q♣,Q♠
4♣,4♠,Q♢,Q♣,Q♠
4♡,4♠,Q♢,Q♣,Q♠
5♢,5♣,Q♢,Q♣,Q♠
5♢,5♡,Q♢,Q♣,Q♠
5♣,5♡,Q♢,Q♣,Q♠
5♢,5♠,Q♢,Q♣,Q♠
5♣,5♠,Q♢,Q♣,Q♠
5♡,5♠,Q♢,Q♣,Q♠
6♢,6♣,Q♢,Q♣,Q♠
6♢,6♡,Q♢,Q♣,Q♠
6♣,6♡,Q♢,Q♣,Q♠
6♢,6♠,Q♢,Q♣,Q♠
6♣,6♠,Q♢,Q♣,Q♠
6♡,6♠,Q♢,Q♣,Q♠
7♢,7♣,Q♢,Q♣,Q♠
7♢,7♡,Q♢,Q♣,Q♠
7♣,7♡,Q♢,Q♣,Q♠
7♢,7♠,Q♢,Q♣,Q♠
7♣,7♠,Q♢,Q♣,Q♠
7♡,7♠,Q♢,Q♣,Q♠
8♢,8♣,Q♢,Q♣,Q♠
8♢,8♡,Q♢,Q♣,Q♠
8♣,8♡,Q♢,Q♣,Q♠
8♢,8♠,Q♢,Q♣,Q♠
8♣,8♠,Q♢,Q♣,Q♠
8♡,8♠,Q♢,Q♣,Q♠
9♢,9♣,Q♢,Q♣,Q♠
9♢,9♡,Q♢,Q♣,Q♠
9♣,9♡,Q♢,Q♣,Q♠
9♢,9♠,Q♢,Q♣,Q♠
9♣,9♠,Q♢,Q♣,Q♠
9♡,9♠,Q♢,Q♣,Q♠
T♢,T♣,Q♢,Q♣,Q♠
T♢,T♡,Q♢,Q♣,Q♠
T♣,T♡,Q♢,Q♣,Q♠
T♢,T♠,Q♢,Q♣,Q♠
T♣,T♠,Q♢,Q♣,Q♠
T♡,T♠,Q♢,Q♣,Q♠
J♢,J♣,Q♢,Q♣,Q♠
J♢,J♡,Q♢,Q♣,Q♠
J♣,J♡,Q♢,Q♣,Q♠
J♢,J♠,Q♢,Q♣,Q♠
J♣,J♠,Q♢,Q♣,Q♠
J♡,J♠,Q♢,Q♣,Q♠
Q♢,Q♣,Q♠,K♢,K♣
Q♢,Q♣,Q♠,K♢,K♡
Q♢,Q♣,Q♠,K♣,K♡
Q♢,Q♣,Q♠,K♢,K♠
Q♢,Q♣,Q♠,K♣,K♠
Q♢,Q♣,Q♠,K♡,K♠
Q♢,Q♣,Q♠,A♢,A♣
Q♢,Q♣,Q♠,A♢,A♡
Q♢,Q♣,Q♠,A♣,A♡
Q♢,Q♣,Q♠,A♢,A♠
Q♢,Q♣,Q♠,A♣,A♠
Q♢,Q♣,Q♠,A♡,A♠
Q♢,Q♣,Q♠,2♢,2♣
Q♢,Q♣,Q♠,2♢,2♡
Q♢,Q♣,Q♠,2♣,2♡
Q♢,Q♣,Q♠,2♢,2♠
Q♢,Q♣,Q♠,2♣,2♠
Q♢,Q♣,Q♠,2♡,2♠
3♢,3♣,Q♢,Q♡,Q♠
3♢,3♡,Q♢,Q♡,Q♠
3♣,3♡,Q♢,Q♡,Q♠
3♢,3♠,Q♢,Q♡,Q♠
3♣,3♠,Q♢,Q♡,Q♠
3♡,3♠,Q♢,Q♡,Q♠
4♢,4♣,Q♢,Q♡,Q♠
4♢,4♡,Q♢,Q♡,Q♠
4♣,4♡,Q♢,Q♡,Q♠
4♢,4♠,Q♢,Q♡,Q♠
4♣,4♠,Q♢,Q♡,Q♠
4♡,4♠,Q♢,Q♡,Q♠
5♢,5♣,Q♢,Q♡,Q♠
5♢,5♡,Q♢,Q♡,Q♠
5♣,5♡,Q♢,Q♡,Q♠
5♢,5♠,Q♢,Q♡,Q♠
5♣,5♠,Q♢,Q♡,Q♠
5♡,5♠,Q♢,Q♡,Q♠
6♢,6♣,Q♢,Q♡,Q♠
6♢,6♡,Q♢,Q♡,Q♠
6♣,6♡,Q♢,Q♡,Q♠
6♢,6♠,Q♢,Q♡,Q♠
6♣,6♠,Q♢,Q♡,Q♠
6♡,6♠,Q♢,Q♡,Q♠
7♢,7♣,Q♢,Q♡,Q♠
7♢,7♡,Q♢,Q♡,Q♠
7♣,7♡,Q♢,Q♡,Q♠
7♢,7♠,Q♢,Q♡,Q♠
7♣,7♠,Q♢,Q♡,Q♠
7♡,7♠,Q♢,Q♡,Q♠
8♢,8♣,Q♢,Q♡,Q♠
8♢,8♡,Q♢,Q♡,Q♠
8♣,8♡,Q♢,Q♡,Q♠
8♢,8♠,Q♢,Q♡,Q♠
8♣,8♠,Q♢,Q♡,Q♠
8♡,8♠,Q♢,Q♡,Q♠
9♢,9♣,Q♢,Q♡,Q♠
9♢,9♡,Q♢,Q♡,Q♠
9♣,9♡,Q♢,Q♡,Q♠
9♢,9♠,Q♢,Q♡,Q♠
9♣,9♠,Q♢,Q♡,Q♠
9♡,9♠,Q♢,Q♡,Q♠
T♢,T♣,Q♢,Q♡,Q♠
T♢,T♡,Q♢,Q♡,Q♠
T♣,T♡,Q♢,Q♡,Q♠
T♢,T♠,Q♢,Q♡,Q♠
T♣,T♠,Q♢,Q♡,Q♠
T♡,T♠,Q♢,Q♡,Q♠
J♢,J♣,Q♢,Q♡,Q♠
J♢,J♡,Q♢,Q♡,Q♠
J♣,J♡,Q♢,Q♡,Q♠
J♢,J♠,Q♢,Q♡,Q♠
J♣,J♠,Q♢,Q♡,Q♠
J♡,J♠,Q♢,Q♡,Q♠
Q♢,Q♡,Q♠,K♢,K♣
Q♢,Q♡,Q♠,K♢,K♡
Q♢,Q♡,Q♠,K♣,K♡
Q♢,Q♡,Q♠,K♢,K♠
Q♢,Q♡,Q♠,K♣,K♠
Q♢,Q♡,Q♠,K♡,K♠
Q♢,Q♡,Q♠,A♢,A♣
Q♢,Q♡,Q♠,A♢,A♡
Q♢,Q♡,Q♠,A♣,A♡
Q♢,Q♡,Q♠,A♢,A♠
Q♢,Q♡,Q♠,A♣,A♠
Q♢,Q♡,Q♠,A♡,A♠
Q♢,Q♡,Q♠,2♢,2♣
Q♢,Q♡,Q♠,2♢,2♡
Q♢,Q♡,Q♠,2♣,2♡
Q♢,Q♡,Q♠,2♢,2♠
Q♢,Q♡,Q♠,2♣,2♠
Q♢,Q♡,Q♠,2♡,2♠
3♢,3♣,Q♣,Q♡,Q♠
3♢,3♡,Q♣,Q♡,Q♠
3♣,3♡,Q♣,Q♡,Q♠
3♢,3♠,Q♣,Q♡,Q♠
3♣,3♠,Q♣,Q♡,Q♠
3♡,3♠,Q♣,Q♡,Q♠
4♢,4♣,Q♣,Q♡,Q♠
4♢,4♡,Q♣,Q♡,Q♠
4♣,4♡,Q♣,Q♡,Q♠
4♢,4♠,Q♣,Q♡,Q♠
4♣,4♠,Q♣,Q♡,Q♠
4♡,4♠,Q♣,Q♡,Q♠
5♢,5♣,Q♣,Q♡,Q♠
5♢,5♡,Q♣,Q♡,Q♠
5♣,5♡,Q♣,Q♡,Q♠
5♢,5♠,Q♣,Q♡,Q♠
5♣,5♠,Q♣,Q♡,Q♠
5♡,5♠,Q♣,Q♡,Q♠
6♢,6♣,Q♣,Q♡,Q♠
6♢,6♡,Q♣,Q♡,Q♠
6♣,6♡,Q♣,Q♡,Q♠
6♢,6♠,Q♣,Q♡,Q♠
6♣,6♠,Q♣,Q♡,Q♠
6♡,6♠,Q♣,Q♡,Q♠
7♢,7♣,Q♣,Q♡,Q♠
7♢,7♡,Q♣,Q♡,Q♠
7♣,7♡,Q♣,Q♡,Q♠
7♢,7♠,Q♣,Q♡,Q♠
7♣,7♠,Q♣,Q♡,Q♠
7♡,7♠,Q♣,Q♡,Q♠
8♢,8♣,Q♣,Q♡,Q♠
8♢,8♡,Q♣,Q♡,Q♠
8♣,8♡,Q♣,Q♡,Q♠
8♢,8♠,Q♣,Q♡,Q♠
8♣,8♠,Q♣,Q♡,Q♠
8♡,8♠,Q♣,Q♡,Q♠
9♢,9♣,Q♣,Q♡,Q♠
9♢,9♡,Q♣,Q♡,Q♠
9♣,9♡,Q♣,Q♡,Q♠
9♢,9♠,Q♣,Q♡,Q♠
9♣,9♠,Q♣,Q♡,Q♠
9♡,9♠,Q♣,Q♡,Q♠
T♢,T♣,Q♣,Q♡,Q♠
T♢,T♡,Q♣,Q♡,Q♠
T♣,T♡,Q♣,Q♡,Q♠
T♢,T♠,Q♣,Q♡,Q♠
T♣,T♠,Q♣,Q♡,Q♠
T♡,T♠,Q♣,Q♡,Q♠
J♢,J♣,Q♣,Q♡,Q♠
J♢,J♡,Q♣,Q♡,Q♠
J♣,J♡,Q♣,Q♡,Q♠
J♢,J♠,Q♣,Q♡,Q♠
J♣,J♠,Q♣,Q♡,Q♠
J♡,J♠,Q♣,Q♡,Q♠
Q♣,Q♡,Q♠,K♢,K♣
Q♣,Q♡,Q♠,K♢,K♡
Q♣,Q♡,Q♠,K♣,K♡
Q♣,Q♡,Q♠,K♢,K♠
Q♣,Q♡,Q♠,K♣,K♠
Q♣,Q♡,Q♠,K♡,K♠
Q♣,Q♡,Q♠,A♢,A♣
Q♣,Q♡,Q♠,A♢,A♡
Q♣,Q♡,Q♠,A♣,A♡
Q♣,Q♡,Q♠,A♢,A♠
Q♣,Q♡,Q♠,A♣,A♠
Q♣,Q♡,Q♠,A♡,A♠
Q♣,Q♡,Q♠,2♢,2♣
Q♣,Q♡,Q♠,2♢,2♡
Q♣,Q♡,Q♠,2♣,2♡
Q♣,Q♡,Q♠,2♢,2♠
Q♣,Q♡,Q♠,2♣,2♠
Q♣,Q♡,Q♠,2♡,2♠
3♢,3♣,K♢,K♣,K♡
3♢,3♡,K♢,K♣,K♡
3♣,3♡,K♢,K♣,K♡
3♢,3♠,K♢,K♣,K♡
3♣,3♠,K♢,K♣,K♡
3♡,3♠,K♢,K♣,K♡
4♢,4♣,K♢,K♣,K♡
4♢,4♡,K♢,K♣,K♡
4♣,4♡,K♢,K♣,K♡
4♢,4♠,K♢,K♣,K♡
4♣,4♠,K♢,K♣,K♡
4♡,4♠,K♢,K♣,K♡
5♢,5♣,K♢,K♣,K♡
5♢,5♡,K♢,K♣,K♡
5♣,5♡,K♢,K♣,K♡
5♢,5♠,K♢,K♣,K♡
5♣,5♠,K♢,K♣,K♡
5♡,5♠,K♢,K♣,K♡
6♢,6♣,K♢,K♣,K♡
6♢,6♡,K♢,K♣,K♡
6♣,6♡,K♢,K♣,K♡
6♢,6♠,K♢,K♣,K♡
6♣,6♠,K♢,K♣,K♡
6♡,6♠,K♢,K♣,K♡
7♢,7♣,K♢,K♣,K♡
7♢,7♡,K♢,K♣,K♡
7♣,7♡,K♢,K♣,K♡
7♢,7♠,K♢,K♣,K♡
7♣,7♠,K♢,K♣,K♡
7♡,7♠,K♢,K♣,K♡
8♢,8♣,K♢,K♣,K♡
8♢,8♡,K♢,K♣,K♡
8♣,8♡,K♢,K♣,K♡
8♢,8♠,K♢,K♣,K♡
8♣,8♠,K♢,K♣,K♡
8♡,8♠,K♢,K♣,K♡
9♢,9♣,K♢,K♣,K♡
9♢,9♡,K♢,K♣,K♡
9♣,9♡,K♢,K♣,K♡
9♢,9♠,K♢,K♣,K♡
9♣,9♠,K♢,K♣,K♡
9♡,9♠,K♢,K♣,K♡
T♢,T♣,K♢,K♣,K♡
T♢,T♡,K♢,K♣,K♡
T♣,T♡,K♢,K♣,K♡
T♢,T♠,K♢,K♣,K♡
T♣,T♠,K♢,K♣,K♡
T♡,T♠,K♢,K♣,K♡
J♢,J♣,K♢,K♣,K♡
J♢,J♡,K♢,K♣,K♡
J♣,J♡,K♢,K♣,K♡
J♢,J♠,K♢,K♣,K♡
J♣,J♠,K♢,K♣,K♡
J♡,J♠,K♢,K♣,K♡
Q♢,Q♣,K♢,K♣,K♡
Q♢,Q♡,K♢,K♣,K♡
Q♣,Q♡,K♢,K♣,K♡
Q♢,Q♠,K♢,K♣,K♡
Q♣,Q♠,K♢,K♣,K♡
Q♡,Q♠,K♢,K♣,K♡
K♢,K♣,K♡,A♢,A♣
K♢,K♣,K♡,A♢,A♡
K♢,K♣,K♡,A♣,A♡
K♢,K♣,K♡,A♢,A♠
K♢,K♣,K♡,A♣,A♠
K♢,K♣,K♡,A♡,A♠
K♢,K♣,K♡,2♢,2♣
K♢,K♣,K♡,2♢,2♡
K♢,K♣,K♡,2♣,2♡
K♢,K♣,K♡,2♢,2♠
K♢,K♣,K♡,2♣,2♠
K♢,K♣,K♡,2♡,2♠
3♢,3♣,K♢,K♣,K♠
3♢,3♡,K♢,K♣,K♠
3♣,3♡,K♢,K♣,K♠
3♢,3♠,K♢,K♣,K♠
3♣,3♠,K♢,K♣,K♠
3♡,3♠,K♢,K♣,K♠
4♢,4♣,K♢,K♣,K♠
4♢,4♡,K♢,K♣,K♠
4♣,4♡,K♢,K♣,K♠
4♢,4♠,K♢,K♣,K♠
4♣,4♠,K♢,K♣,K♠
4♡,4♠,K♢,K♣,K♠
5♢,5♣,K♢,K♣,K♠
5♢,5♡,K♢,K♣,K♠
5♣,5♡,K♢,K♣,K♠
5♢,5♠,K♢,K♣,K♠
5♣,5♠,K♢,K♣,K♠
5♡,5♠,K♢,K♣,K♠
6♢,6♣,K♢,K♣,K♠
6♢,6♡,K♢,K♣,K♠
6♣,6♡,K♢,K♣,K♠
6♢,6♠,K♢,K♣,K♠
6♣,6♠,K♢,K♣,K♠
6♡,6♠,K♢,K♣,K♠
7♢,7♣,K♢,K♣,K♠
7♢,7♡,K♢,K♣,K♠
7♣,7♡,K♢,K♣,K♠
7♢,7♠,K♢,K♣,K♠
7♣,7♠,K♢,K♣,K♠
7♡,7♠,K♢,K♣,K♠
8♢,8♣,K♢,K♣,K♠
8♢,8♡,K♢,K♣,K♠
8♣,8♡,K♢,K♣,K♠
8♢,8♠,K♢,K♣,K♠
8♣,8♠,K♢,K♣,K♠
8♡,8♠,K♢,K♣,K♠
9♢,9♣,K♢,K♣,K♠
9♢,9♡,K♢,K♣,K♠
9♣,9♡,K♢,K♣,K♠
9♢,9♠,K♢,K♣,K♠
9♣,9♠,K♢,K♣,K♠
9♡,9♠,K♢,K♣,K♠
T♢,T♣,K♢,K♣,K♠
T♢,T♡,K♢,K♣,K♠
T♣,T♡,K♢,K♣,K♠
T♢,T♠,K♢,K♣,K♠
T♣,T♠,K♢,K♣,K♠
T♡,T♠,K♢,K♣,K♠
J♢,J♣,K♢,K♣,K♠
J♢,J♡,K♢,K♣,K♠
J♣,J♡,K♢,K♣,K♠
J♢,J♠,K♢,K♣,K♠
J♣,J♠,K♢,K♣,K♠
J♡,J♠,K♢,K♣,K♠
Q♢,Q♣,K♢,K♣,K♠
Q♢,Q♡,K♢,K♣,K♠
Q♣,Q♡,K♢,K♣,K♠
Q♢,Q♠,K♢,K♣,K♠
Q♣,Q♠,K♢,K♣,K♠
Q♡,Q♠,K♢,K♣,K♠
K♢,K♣,K♠,A♢,A♣
K♢,K♣,K♠,A♢,A♡
K♢,K♣,K♠,A♣,A♡
K♢,K♣,K♠,A♢,A♠
K♢,K♣,K♠,A♣,A♠
K♢,K♣,K♠,A♡,A♠
K♢,K♣,K♠,2♢,2♣
K♢,K♣,K♠,2♢,2♡
K♢,K♣,K♠,2♣,2♡
K♢,K♣,K♠,2♢,2♠
K♢,K♣,K♠,2♣,2♠
K♢,K♣,K♠,2♡,2♠
3♢,3♣,K♢,K♡,K♠
3♢,3♡,K♢,K♡,K♠
3♣,3♡,K♢,K♡,K♠
3♢,3♠,K♢,K♡,K♠
3♣,3♠,K♢,K♡,K♠
3♡,3♠,K♢,K♡,K♠
4♢,4♣,K♢,K♡,K♠
4♢,4♡,K♢,K♡,K♠
4♣,4♡,K♢,K♡,K♠
4♢,4♠,K♢,K♡,K♠
4♣,4♠,K♢,K♡,K♠
4♡,4♠,K♢,K♡,K♠
5♢,5♣,K♢,K♡,K♠
5♢,5♡,K♢,K♡,K♠
5♣,5♡,K♢,K♡,K♠
5♢,5♠,K♢,K♡,K♠
5♣,5♠,K♢,K♡,K♠
5♡,5♠,K♢,K♡,K♠
6♢,6♣,K♢,K♡,K♠
6♢,6♡,K♢,K♡,K♠
6♣,6♡,K♢,K♡,K♠
6♢,6♠,K♢,K♡,K♠
6♣,6♠,K♢,K♡,K♠
6♡,6♠,K♢,K♡,K♠
7♢,7♣,K♢,K♡,K♠
7♢,7♡,K♢,K♡,K♠
7♣,7♡,K♢,K♡,K♠
7♢,7♠,K♢,K♡,K♠
7♣,7♠,K♢,K♡,K♠
7♡,7♠,K♢,K♡,K♠
8♢,8♣,K♢,K♡,K♠
8♢,8♡,K♢,K♡,K♠
8♣,8♡,K♢,K♡,K♠
8♢,8♠,K♢,K♡,K♠
8♣,8♠,K♢,K♡,K♠
8♡,8♠,K♢,K♡,K♠
9♢,9♣,K♢,K♡,K♠
9♢,9♡,K♢,K♡,K♠
9♣,9♡,K♢,K♡,K♠
9♢,9♠,K♢,K♡,K♠
9♣,9♠,K♢,K♡,K♠
9♡,9♠,K♢,K♡,K♠
T♢,T♣,K♢,K♡,K♠
T♢,T♡,K♢,K♡,K♠
T♣,T♡,K♢,K♡,K♠
T♢,T♠,K♢,K♡,K♠
T♣,T♠,K♢,K♡,K♠
T♡,T♠,K♢,K♡,K♠
J♢,J♣,K♢,K♡,K♠
J♢,J♡,K♢,K♡,K♠
J♣,J♡,K♢,K♡,K♠
J♢,J♠,K♢,K♡,K♠
J♣,J♠,K♢,K♡,K♠
J♡,J♠,K♢,K♡,K♠
Q♢,Q♣,K♢,K♡,K♠
Q♢,Q♡,K♢,K♡,K♠
Q♣,Q♡,K♢,K♡,K♠
Q♢,Q♠,K♢,K♡,K♠
Q♣,Q♠,K♢,K♡,K♠
Q♡,Q♠,K♢,K♡,K♠
K♢,K♡,K♠,A♢,A♣
K♢,K♡,K♠,A♢,A♡
K♢,K♡,K♠,A♣,A♡
K♢,K♡,K♠,A♢,A♠
K♢,K♡,K♠,A♣,A♠
K♢,K♡,K♠,A♡,A♠
K♢,K♡,K♠,2♢,2♣
K♢,K♡,K♠,2♢,2♡
K♢,K♡,K♠,2♣,2♡
K♢,K♡,K♠,2♢,2♠
K♢,K♡,K♠,2♣,2♠
K♢,K♡,K♠,2♡,2♠
3♢,3♣,K♣,K♡,K♠
3♢,3♡,K♣,K♡,K♠
3♣,3♡,K♣,K♡,K♠
3♢,3♠,K♣,K♡,K♠
3♣,3♠,K♣,K♡,K♠
3♡,3♠,K♣,K♡,K♠
4♢,4♣,K♣,K♡,K♠
4♢,4♡,K♣,K♡,K♠
4♣,4♡,K♣,K♡,K♠
4♢,4♠,K♣,K♡,K♠
4♣,4♠,K♣,K♡,K♠
4♡,4♠,K♣,K♡,K♠
5♢,5♣,K♣,K♡,K♠
5♢,5♡,K♣,K♡,K♠
5♣,5♡,K♣,K♡,K♠
5♢,5♠,K♣,K♡,K♠
5♣,5♠,K♣,K♡,K♠
5♡,5♠,K♣,K♡,K♠
6♢,6♣,K♣,K♡,K♠
6♢,6♡,K♣,K♡,K♠
6♣,6♡,K♣,K♡,K♠
6♢,6♠,K♣,K♡,K♠
6♣,6♠,K♣,K♡,K♠
6♡,6♠,K♣,K♡,K♠
7♢,7♣,K♣,K♡,K♠
7♢,7♡,K♣,K♡,K♠
7♣,7♡,K♣,K♡,K♠
7♢,7♠,K♣,K♡,K♠
7♣,7♠,K♣,K♡,K♠
7♡,7♠,K♣,K♡,K♠
8♢,8♣,K♣,K♡,K♠
8♢,8♡,K♣,K♡,K♠
8♣,8♡,K♣,K♡,K♠
8♢,8♠,K♣,K♡,K♠
8♣,8♠,K♣,K♡,K♠
8♡,8♠,K♣,K♡,K♠
9♢,9♣,K♣,K♡,K♠
9♢,9♡,K♣,K♡,K♠
9♣,9♡,K♣,K♡,K♠
9♢,9♠,K♣,K♡,K♠
9♣,9♠,K♣,K♡,K♠
9♡,9♠,K♣,K♡,K♠
T♢,T♣,K♣,K♡,K♠
T♢,T♡,K♣,K♡,K♠
T♣,T♡,K♣,K♡,K♠
T♢,T♠,K♣,K♡,K♠
T♣,T♠,K♣,K♡,K♠
T♡,T♠,K♣,K♡,K♠
J♢,J♣,K♣,K♡,K♠
J♢,J♡,K♣,K♡,K♠
J♣,J♡,K♣,K♡,K♠
J♢,J♠,K♣,K♡,K♠
J♣,J♠,K♣,K♡,K♠
J♡,J♠,K♣,K♡,K♠
Q♢,Q♣,K♣,K♡,K♠
Q♢,Q♡,K♣,K♡,K♠
Q♣,Q♡,K♣,K♡,K♠
Q♢,Q♠,K♣,K♡,K♠
Q♣,Q♠,K♣,K♡,K♠
Q♡,Q♠,K♣,K♡,K♠
K♣,K♡,K♠,A♢,A♣
K♣,K♡,K♠,A♢,A♡
K♣,K♡,K♠,A♣,A♡
K♣,K♡,K♠,A♢,A♠
K♣,K♡,K♠,A♣,A♠
K♣,K♡,K♠,A♡,A♠
K♣,K♡,K♠,2♢,2♣
K♣,K♡,K♠,2♢,2♡
K♣,K♡,K♠,2♣,2♡
K♣,K♡,K♠,2♢,2♠
K♣,K♡,K♠,2♣,2♠
K♣,K♡,K♠,2♡,2♠
3♢,3♣,A♢,A♣,A♡
3♢,3♡,A♢,A♣,A♡
3♣,3♡,A♢,A♣,A♡
3♢,3♠,A♢,A♣,A♡
3♣,3♠,A♢,A♣,A♡
3♡,3♠,A♢,A♣,A♡
4♢,4♣,A♢,A♣,A♡
4♢,4♡,A♢,A♣,A♡
4♣,4♡,A♢,A♣,A♡
4♢,4♠,A♢,A♣,A♡
4♣,4♠,A♢,A♣,A♡
4♡,4♠,A♢,A♣,A♡
5♢,5♣,A♢,A♣,A♡
5♢,5♡,A♢,A♣,A♡
5♣,5♡,A♢,A♣,A♡
5♢,5♠,A♢,A♣,A♡
5♣,5♠,A♢,A♣,A♡
5♡,5♠,A♢,A♣,A♡
6♢,6♣,A♢,A♣,A♡
6♢,6♡,A♢,A♣,A♡
6♣,6♡,A♢,A♣,A♡
6♢,6♠,A♢,A♣,A♡
6♣,6♠,A♢,A♣,A♡
6♡,6♠,A♢,A♣,A♡
7♢,7♣,A♢,A♣,A♡
7♢,7♡,A♢,A♣,A♡
7♣,7♡,A♢,A♣,A♡
7♢,7♠,A♢,A♣,A♡
7♣,7♠,A♢,A♣,A♡
7♡,7♠,A♢,A♣,A♡
8♢,8♣,A♢,A♣,A♡
8♢,8♡,A♢,A♣,A♡
8♣,8♡,A♢,A♣,A♡
8♢,8♠,A♢,A♣,A♡
8♣,8♠,A♢,A♣,A♡
8♡,8♠,A♢,A♣,A♡
9♢,9♣,A♢,A♣,A♡
9♢,9♡,A♢,A♣,A♡
9♣,9♡,A♢,A♣,A♡
9♢,9♠,A♢,A♣,A♡
9♣,9♠,A♢,A♣,A♡
9♡,9♠,A♢,A♣,A♡
T♢,T♣,A♢,A♣,A♡
T♢,T♡,A♢,A♣,A♡
T♣,T♡,A♢,A♣,A♡
T♢,T♠,A♢,A♣,A♡
T♣,T♠,A♢,A♣,A♡
T♡,T♠,A♢,A♣,A♡
J♢,J♣,A♢,A♣,A♡
J♢,J♡,A♢,A♣,A♡
J♣,J♡,A♢,A♣,A♡
J♢,J♠,A♢,A♣,A♡
J♣,J♠,A♢,A♣,A♡
J♡,J♠,A♢,A♣,A♡
Q♢,Q♣,A♢,A♣,A♡
Q♢,Q♡,A♢,A♣,A♡
Q♣,Q♡,A♢,A♣,A♡
Q♢,Q♠,A♢,A♣,A♡
Q♣,Q♠,A♢,A♣,A♡
Q♡,Q♠,A♢,A♣,A♡
K♢,K♣,A♢,A♣,A♡
K♢,K♡,A♢,A♣,A♡
K♣,K♡,A♢,A♣,A♡
K♢,K♠,A♢,A♣,A♡
K♣,K♠,A♢,A♣,A♡
K♡,K♠,A♢,A♣,A♡
A♢,A♣,A♡,2♢,2♣
A♢,A♣,A♡,2♢,2♡
A♢,A♣,A♡,2♣,2♡
A♢,A♣,A♡,2♢,2♠
A♢,A♣,A♡,2♣,2♠
A♢,A♣,A♡,2♡,2♠
3♢,3♣,A♢,A♣,A♠
3♢,3♡,A♢,A♣,A♠
3♣,3♡,A♢,A♣,A♠
3♢,3♠,A♢,A♣,A♠
3♣,3♠,A♢,A♣,A♠
3♡,3♠,A♢,A♣,A♠
4♢,4♣,A♢,A♣,A♠
4♢,4♡,A♢,A♣,A♠
4♣,4♡,A♢,A♣,A♠
4♢,4♠,A♢,A♣,A♠
4♣,4♠,A♢,A♣,A♠
4♡,4♠,A♢,A♣,A♠
5♢,5♣,A♢,A♣,A♠
5♢,5♡,A♢,A♣,A♠
5♣,5♡,A♢,A♣,A♠
5♢,5♠,A♢,A♣,A♠
5♣,5♠,A♢,A♣,A♠
5♡,5♠,A♢,A♣,A♠
6♢,6♣,A♢,A♣,A♠
6♢,6♡,A♢,A♣,A♠
6♣,6♡,A♢,A♣,A♠
6♢,6♠,A♢,A♣,A♠
6♣,6♠,A♢,A♣,A♠
6♡,6♠,A♢,A♣,A♠
7♢,7♣,A♢,A♣,A♠
7♢,7♡,A♢,A♣,A♠
7♣,7♡,A♢,A♣,A♠
7♢,7♠,A♢,A♣,A♠
7♣,7♠,A♢,A♣,A♠
7♡,7♠,A♢,A♣,A♠
8♢,8♣,A♢,A♣,A♠
8♢,8♡,A♢,A♣,A♠
8♣,8♡,A♢,A♣,A♠
8♢,8♠,A♢,A♣,A♠
8♣,8♠,A♢,A♣,A♠
8♡,8♠,A♢,A♣,A♠
9♢,9♣,A♢,A♣,A♠
9♢,9♡,A♢,A♣,A♠
9♣,9♡,A♢,A♣,A♠
9♢,9♠,A♢,A♣,A♠
9♣,9♠,A♢,A♣,A♠
9♡,9♠,A♢,A♣,A♠
T♢,T♣,A♢,A♣,A♠
T♢,T♡,A♢,A♣,A♠
T♣,T♡,A♢,A♣,A♠
T♢,T♠,A♢,A♣,A♠
T♣,T♠,A♢,A♣,A♠
T♡,T♠,A♢,A♣,A♠
J♢,J♣,A♢,A♣,A♠
J♢,J♡,A♢,A♣,A♠
J♣,J♡,A♢,A♣,A♠
J♢,J♠,A♢,A♣,A♠
J♣,J♠,A♢,A♣,A♠
J♡,J♠,A♢,A♣,A♠
Q♢,Q♣,A♢,A♣,A♠
Q♢,Q♡,A♢,A♣,A♠
Q♣,Q♡,A♢,A♣,A♠
Q♢,Q♠,A♢,A♣,A♠
Q♣,Q♠,A♢,A♣,A♠
Q♡,Q♠,A♢,A♣,A♠
K♢,K♣,A♢,A♣,A♠
K♢,K♡,A♢,A♣,A♠
K♣,K♡,A♢,A♣,A♠
K♢,K♠,A♢,A♣,A♠
K♣,K♠,A♢,A♣,A♠
K♡,K♠,A♢,A♣,A♠
A♢,A♣,A♠,2♢,2♣
A♢,A♣,A♠,2♢,2♡
A♢,A♣,A♠,2♣,2♡
A♢,A♣,A♠,2♢,2♠
A♢,A♣,A♠,2♣,2♠
A♢,A♣,A♠,2♡,2♠
3♢,3♣,A♢,A♡,A♠
3♢,3♡,A♢,A♡,A♠
3♣,3♡,A♢,A♡,A♠
3♢,3♠,A♢,A♡,A♠
3♣,3♠,A♢,A♡,A♠
3♡,3♠,A♢,A♡,A♠
4♢,4♣,A♢,A♡,A♠
4♢,4♡,A♢,A♡,A♠
4♣,4♡,A♢,A♡,A♠
4♢,4♠,A♢,A♡,A♠
4♣,4♠,A♢,A♡,A♠
4♡,4♠,A♢,A♡,A♠
5♢,5♣,A♢,A♡,A♠
5♢,5♡,A♢,A♡,A♠
5♣,5♡,A♢,A♡,A♠
5♢,5♠,A♢,A♡,A♠
5♣,5♠,A♢,A♡,A♠
5♡,5♠,A♢,A♡,A♠
6♢,6♣,A♢,A♡,A♠
6♢,6♡,A♢,A♡,A♠
6♣,6♡,A♢,A♡,A♠
6♢,6♠,A♢,A♡,A♠
6♣,6♠,A♢,A♡,A♠
6♡,6♠,A♢,A♡,A♠
7♢,7♣,A♢,A♡,A♠
7♢,7♡,A♢,A♡,A♠
7♣,7♡,A♢,A♡,A♠
7♢,7♠,A♢,A♡,A♠
7♣,7♠,A♢,A♡,A♠
7♡,7♠,A♢,A♡,A♠
8♢,8♣,A♢,A♡,A♠
8♢,8♡,A♢,A♡,A♠
8♣,8♡,A♢,A♡,A♠
8♢,8♠,A♢,A♡,A♠
8♣,8♠,A♢,A♡,A♠
8♡,8♠,A♢,A♡,A♠
9♢,9♣,A♢,A♡,A♠
9♢,9♡,A♢,A♡,A♠
9♣,9♡,A♢,A♡,A♠
9♢,9♠,A♢,A♡,A♠
9♣,9♠,A♢,A♡,A♠
9♡,9♠,A♢,A♡,A♠
T♢,T♣,A♢,A♡,A♠
T♢,T♡,A♢,A♡,A♠
T♣,T♡,A♢,A♡,A♠
T♢,T♠,A♢,A♡,A♠
T♣,T♠,A♢,A♡,A♠
T♡,T♠,A♢,A♡,A♠
J♢,J♣,A♢,A♡,A♠
J♢,J♡,A♢,A♡,A♠
J♣,J♡,A♢,A♡,A♠
J♢,J♠,A♢,A♡,A♠
J♣,J♠,A♢,A♡,A♠
J♡,J♠,A♢,A♡,A♠
Q♢,Q♣,A♢,A♡,A♠
Q♢,Q♡,A♢,A♡,A♠
Q♣,Q♡,A♢,A♡,A♠
Q♢,Q♠,A♢,A♡,A♠
Q♣,Q♠,A♢,A♡,A♠
Q♡,Q♠,A♢,A♡,A♠
K♢,K♣,A♢,A♡,A♠
K♢,K♡,A♢,A♡,A♠
K♣,K♡,A♢,A♡,A♠
K♢,K♠,A♢,A♡,A♠
K♣,K♠,A♢,A♡,A♠
K♡,K♠,A♢,A♡,A♠
A♢,A♡,A♠,2♢,2♣
A♢,A♡,A♠,2♢,2♡
A♢,A♡,A♠,2♣,2♡
A♢,A♡,A♠,2♢,2♠
A♢,A♡,A♠,2♣,2♠
A♢,A♡,A♠,2♡,2♠
3♢,3♣,A♣,A♡,A♠
3♢,3♡,A♣,A♡,A♠
3♣,3♡,A♣,A♡,A♠
3♢,3♠,A♣,A♡,A♠
3♣,3♠,A♣,A♡,A♠
3♡,3♠,A♣,A♡,A♠
4♢,4♣,A♣,A♡,A♠
4♢,4♡,A♣,A♡,A♠
4♣,4♡,A♣,A♡,A♠
4♢,4♠,A♣,A♡,A♠
4♣,4♠,A♣,A♡,A♠
4♡,4♠,A♣,A♡,A♠
5♢,5♣,A♣,A♡,A♠
5♢,5♡,A♣,A♡,A♠
5♣,5♡,A♣,A♡,A♠
5♢,5♠,A♣,A♡,A♠
5♣,5♠,A♣,A♡,A♠
5♡,5♠,A♣,A♡,A♠
6♢,6♣,A♣,A♡,A♠
6♢,6♡,A♣,A♡,A♠
6♣,6♡,A♣,A♡,A♠
6♢,6♠,A♣,A♡,A♠
6♣,6♠,A♣,A♡,A♠
6♡,6♠,A♣,A♡,A♠
7♢,7♣,A♣,A♡,A♠
7♢,7♡,A♣,A♡,A♠
7♣,7♡,A♣,A♡,A♠
7♢,7♠,A♣,A♡,A♠
7♣,7♠,A♣,A♡,A♠
7♡,7♠,A♣,A♡,A♠
8♢,8♣,A♣,A♡,A♠
8♢,8♡,A♣,A♡,A♠
8♣,8♡,A♣,A♡,A♠
8♢,8♠,A♣,A♡,A♠
8♣,8♠,A♣,A♡,A♠
8♡,8♠,A♣,A♡,A♠
9♢,9♣,A♣,A♡,A♠
9♢,9♡,A♣,A♡,A♠
9♣,9♡,A♣,A♡,A♠
9♢,9♠,A♣,A♡,A♠
9♣,9♠,A♣,A♡,A♠
9♡,9♠,A♣,A♡,A♠
T♢,T♣,A♣,A♡,A♠
T♢,T♡,A♣,A♡,A♠
T♣,T♡,A♣,A♡,A♠
T♢,T♠,A♣,A♡,A♠
T♣,T♠,A♣,A♡,A♠
T♡,T♠,A♣,A♡,A♠
J♢,J♣,A♣,A♡,A♠
J♢,J♡,A♣,A♡,A♠
J♣,J♡,A♣,A♡,A♠
J♢,J♠,A♣,A♡,A♠
J♣,J♠,A♣,A♡,A♠
J♡,J♠,A♣,A♡,A♠
Q♢,Q♣,A♣,A♡,A♠
Q♢,Q♡,A♣,A♡,A♠
Q♣,Q♡,A♣,A♡,A♠
Q♢,Q♠,A♣,A♡,A♠
Q♣,Q♠,A♣,A♡,A♠
Q♡,Q♠,A♣,A♡,A♠
K♢,K♣,A♣,A♡,A♠
K♢,K♡,A♣,A♡,A♠
K♣,K♡,A♣,A♡,A♠
K♢,K♠,A♣,A♡,A♠
K♣,K♠,A♣,A♡,A♠
K♡,K♠,A♣,A♡,A♠
A♣,A♡,A♠,2♢,2♣
A♣,A♡,A♠,2♢,2♡
A♣,A♡,A♠,2♣,2♡
A♣,A♡,A♠,2♢,2♠
A♣,A♡,A♠,2♣,2♠
A♣,A♡,A♠,2♡,2♠
3♢,3♣,2♢,2♣,2♡
3♢,3♡,2♢,2♣,2♡
3♣,3♡,2♢,2♣,2♡
3♢,3♠,2♢,2♣,2♡
3♣,3♠,2♢,2♣,2♡
3♡,3♠,2♢,2♣,2♡
4♢,4♣,2♢,2♣,2♡
4♢,4♡,2♢,2♣,2♡
4♣,4♡,2♢,2♣,2♡
4♢,4♠,2♢,2♣,2♡
4♣,4♠,2♢,2♣,2♡
4♡,4♠,2♢,2♣,2♡
5♢,5♣,2♢,2♣,2♡
5♢,5♡,2♢,2♣,2♡
5♣,5♡,2♢,2♣,2♡
5♢,5♠,2♢,2♣,2♡
5♣,5♠,2♢,2♣,2♡
5♡,5♠,2♢,2♣,2♡
6♢,6♣,2♢,2♣,2♡
6♢,6♡,2♢,2♣,2♡
6♣,6♡,2♢,2♣,2♡
6♢,6♠,2♢,2♣,2♡
6♣,6♠,2♢,2♣,2♡
6♡,6♠,2♢,2♣,2♡
7♢,7♣,2♢,2♣,2♡
7♢,7♡,2♢,2♣,2♡
7♣,7♡,2♢,2♣,2♡
7♢,7♠,2♢,2♣,2♡
7♣,7♠,2♢,2♣,2♡
7♡,7♠,2♢,2♣,2♡
8♢,8♣,2♢,2♣,2♡
8♢,8♡,2♢,2♣,2♡
8♣,8♡,2♢,2♣,2♡
8♢,8♠,2♢,2♣,2♡
8♣,8♠,2♢,2♣,2♡
8♡,8♠,2♢,2♣,2♡
9♢,9♣,2♢,2♣,2♡
9♢,9♡,2♢,2♣,2♡
9♣,9♡,2♢,2♣,2♡
9♢,9♠,2♢,2♣,2♡
9♣,9♠,2♢,2♣,2♡
9♡,9♠,2♢,2♣,2♡
T♢,T♣,2♢,2♣,2♡
T♢,T♡,2♢,2♣,2♡
T♣,T♡,2♢,2♣,2♡
T♢,T♠,2♢,2♣,2♡
T♣,T♠,2♢,2♣,2♡
T♡,T♠,2♢,2♣,2♡
J♢,J♣,2♢,2♣,2♡
J♢,J♡,2♢,2♣,2♡
J♣,J♡,2♢,2♣,2♡
J♢,J♠,2♢,2♣,2♡
J♣,J♠,2♢,2♣,2♡
J♡,J♠,2♢,2♣,2♡
Q♢,Q♣,2♢,2♣,2♡
Q♢,Q♡,2♢,2♣,2♡
Q♣,Q♡,2♢,2♣,2♡
Q♢,Q♠,2♢,2♣,2♡
Q♣,Q♠,2♢,2♣,2♡
Q♡,Q♠,2♢,2♣,2♡
K♢,K♣,2♢,2♣,2♡
K♢,K♡,2♢,2♣,2♡
K♣,K♡,2♢,2♣,2♡
K♢,K♠,2♢,2♣,2♡
K♣,K♠,2♢,2♣,2♡
K♡,K♠,2♢,2♣,2♡
A♢,A♣,2♢,2♣,2♡
A♢,A♡,2♢,2♣,2♡
A♣,A♡,2♢,2♣,2♡
A♢,A♠,2♢,2♣,2♡
A♣,A♠,2♢,2♣,2♡
A♡,A♠,2♢,2♣,2♡
3♢,3♣,2♢,2♣,2♠
3♢,3♡,2♢,2♣,2♠
3♣,3♡,2♢,2♣,2♠
3♢,3♠,2♢,2♣,2♠
3♣,3♠,2♢,2♣,2♠
3♡,3♠,2♢,2♣,2♠
4♢,4♣,2♢,2♣,2♠
4♢,4♡,2♢,2♣,2♠
4♣,4♡,2♢,2♣,2♠
4♢,4♠,2♢,2♣,2♠
4♣,4♠,2♢,2♣,2♠
4♡,4♠,2♢,2♣,2♠
5♢,5♣,2♢,2♣,2♠
5♢,5♡,2♢,2♣,2♠
5♣,5♡,2♢,2♣,2♠
5♢,5♠,2♢,2♣,2♠
5♣,5♠,2♢,2♣,2♠
5♡,5♠,2♢,2♣,2♠
6♢,6♣,2♢,2♣,2♠
6♢,6♡,2♢,2♣,2♠
6♣,6♡,2♢,2♣,2♠
6♢,6♠,2♢,2♣,2♠
6♣,6♠,2♢,2♣,2♠
6♡,6♠,2♢,2♣,2♠
7♢,7♣,2♢,2♣,2♠
7♢,7♡,2♢,2♣,2♠
7♣,7♡,2♢,2♣,2♠
7♢,7♠,2♢,2♣,2♠
7♣,7♠,2♢,2♣,2♠
7♡,7♠,2♢,2♣,2♠
8♢,8♣,2♢,2♣,2♠
8♢,8♡,2♢,2♣,2♠
8♣,8♡,2♢,2♣,2♠
8♢,8♠,2♢,2♣,2♠
8♣,8♠,2♢,2♣,2♠
8♡,8♠,2♢,2♣,2♠
9♢,9♣,2♢,2♣,2♠
9♢,9♡,2♢,2♣,2♠
9♣,9♡,2♢,2♣,2♠
9♢,9♠,2♢,2♣,2♠
9♣,9♠,2♢,2♣,2♠
9♡,9♠,2♢,2♣,2♠
T♢,T♣,2♢,2♣,2♠
T♢,T♡,2♢,2♣,2♠
T♣,T♡,2♢,2♣,2♠
T♢,T♠,2♢,2♣,2♠
T♣,T♠,2♢,2♣,2♠
T♡,T♠,2♢,2♣,2♠
J♢,J♣,2♢,2♣,2♠
J♢,J♡,2♢,2♣,2♠
J♣,J♡,2♢,2♣,2♠
J♢,J♠,2♢,2♣,2♠
J♣,J♠,2♢,2♣,2♠
J♡,J♠,2♢,2♣,2♠
Q♢,Q♣,2♢,2♣,2♠
Q♢,Q♡,2♢,2♣,2♠
Q♣,Q♡,2♢,2♣,2♠
Q♢,Q♠,2♢,2♣,2♠
Q♣,Q♠,2♢,2♣,2♠
Q♡,Q♠,2♢,2♣,2♠
K♢,K♣,2♢,2♣,2♠
K♢,K♡,2♢,2♣,2♠
K♣,K♡,2♢,2♣,2♠
K♢,K♠,2♢,2♣,2♠
K♣,K♠,2♢,2♣,2♠
K♡,K♠,2♢,2♣,2♠
A♢,A♣,2♢,2♣,2♠
A♢,A♡,2♢,2♣,2♠
A♣,A♡,2♢,2♣,2♠
A♢,A♠,2♢,2♣,2♠
A♣,A♠,2♢,2♣,2♠
A♡,A♠,2♢,2♣,2♠
3♢,3♣,2♢,2♡,2♠
3♢,3♡,2♢,2♡,2♠
3♣,3♡,2♢,2♡,2♠
3♢,3♠,2♢,2♡,2♠
3♣,3♠,2♢,2♡,2♠
3♡,3♠,2♢,2♡,2♠
4♢,4♣,2♢,2♡,2♠
4♢,4♡,2♢,2♡,2♠
4♣,4♡,2♢,2♡,2♠
4♢,4♠,2♢,2♡,2♠
4♣,4♠,2♢,2♡,2♠
4♡,4♠,2♢,2♡,2♠
5♢,5♣,2♢,2♡,2♠
5♢,5♡,2♢,2♡,2♠
5♣,5♡,2♢,2♡,2♠
5♢,5♠,2♢,2♡,2♠
5♣,5♠,2♢,2♡,2♠
5♡,5♠,2♢,2♡,2♠
6♢,6♣,2♢,2♡,2♠
6♢,6♡,2♢,2♡,2♠
6♣,6♡,2♢,2♡,2♠
6♢,6♠,2♢,2♡,2♠
6♣,6♠,2♢,2♡,2♠
6♡,6♠,2♢,2♡,2♠
7♢,7♣,2♢,2♡,2♠
7♢,7♡,2♢,2♡,2♠
7♣,7♡,2♢,2♡,2♠
7♢,7♠,2♢,2♡,2♠
7♣,7♠,2♢,2♡,2♠
7♡,7♠,2♢,2♡,2♠
8♢,8♣,2♢,2♡,2♠
8♢,8♡,2♢,2♡,2♠
8♣,8♡,2♢,2♡,2♠
8♢,8♠,2♢,2♡,2♠
8♣,8♠,2♢,2♡,2♠
8♡,8♠,2♢,2♡,2♠
9♢,9♣,2♢,2♡,2♠
9♢,9♡,2♢,2♡,2♠
9♣,9♡,2♢,2♡,2♠
9♢,9♠,2♢,2♡,2♠
9♣,9♠,2♢,2♡,2♠
9♡,9♠,2♢,2♡,2♠
T♢,T♣,2♢,2♡,2♠
T♢,T♡,2♢,2♡,2♠
T♣,T♡,2♢,2♡,2♠
T♢,T♠,2♢,2♡,2♠
T♣,T♠,2♢,2♡,2♠
T♡,T♠,2♢,2♡,2♠
J♢,J♣,2♢,2♡,2♠
J♢,J♡,2♢,2♡,2♠
J♣,J♡,2♢,2♡,2♠
J♢,J♠,2♢,2♡,2♠
J♣,J♠,2♢,2♡,2♠
J♡,J♠,2♢,2♡,2♠
Q♢,Q♣,2♢,2♡,2♠
Q♢,Q♡,2♢,2♡,2♠
Q♣,Q♡,2♢,2♡,2♠
Q♢,Q♠,2♢,2♡,2♠
Q♣,Q♠,2♢,2♡,2♠
Q♡,Q♠,2♢,2♡,2♠
K♢,K♣,2♢,2♡,2♠
K♢,K♡,2♢,2♡,2♠
K♣,K♡,2♢,2♡,2♠
K♢,K♠,2♢,2♡,2♠
K♣,K♠,2♢,2♡,2♠
K♡,K♠,2♢,2♡,2♠
A♢,A♣,2♢,2♡,2♠
A♢,A♡,2♢,2♡,2♠
A♣,A♡,2♢,2♡,2♠
A♢,A♠,2♢,2♡,2♠
A♣,A♠,2♢,2♡,2♠
A♡,A♠,2♢,2♡,2♠
3♢,3♣,2♣,2♡,2♠
3♢,3♡,2♣,2♡,2♠
3♣,3♡,2♣,2♡,2♠
3♢,3♠,2♣,2♡,2♠
3♣,3♠,2♣,2♡,2♠
3♡,3♠,2♣,2♡,2♠
4♢,4♣,2♣,2♡,2♠
4♢,4♡,2♣,2♡,2♠
4♣,4♡,2♣,2♡,2♠
4♢,4♠,2♣,2♡,2♠
4♣,4♠,2♣,2♡,2♠
4♡,4♠,2♣,2♡,2♠
5♢,5♣,2♣,2♡,2♠
5♢,5♡,2♣,2♡,2♠
5♣,5♡,2♣,2♡,2♠
5♢,5♠,2♣,2♡,2♠
5♣,5♠,2♣,2♡,2♠
5♡,5♠,2♣,2♡,2♠
6♢,6♣,2♣,2♡,2♠
6♢,6♡,2♣,2♡,2♠
6♣,6♡,2♣,2♡,2♠
6♢,6♠,2♣,2♡,2♠
6♣,6♠,2♣,2♡,2♠
6♡,6♠,2♣,2♡,2♠
7♢,7♣,2♣,2♡,2♠
7♢,7♡,2♣,2♡,2♠
7♣,7♡,2♣,2♡,2♠
7♢,7♠,2♣,2♡,2♠
7♣,7♠,2♣,2♡,2♠
7♡,7♠,2♣,2♡,2♠
8♢,8♣,2♣,2♡,2♠
8♢,8♡,2♣,2♡,2♠
8♣,8♡,2♣,2♡,2♠
8♢,8♠,2♣,2♡,2♠
8♣,8♠,2♣,2♡,2♠
8♡,8♠,2♣,2♡,2♠
9♢,9♣,2♣,2♡,2♠
9♢,9♡,2♣,2♡,2♠
9♣,9♡,2♣,2♡,2♠
9♢,9♠,2♣,2♡,2♠
9♣,9♠,2♣,2♡,2♠
9♡,9♠,2♣,2♡,2♠
T♢,T♣,2♣,2♡,2♠
T♢,T♡,2♣,2♡,2♠
T♣,T♡,2♣,2♡,2♠
T♢,T♠,2♣,2♡,2♠
T♣,T♠,2♣,2♡,2♠
T♡,T♠,2♣,2♡,2♠
J♢,J♣,2♣,2♡,2♠
J♢,J♡,2♣,2♡,2♠
J♣,J♡,2♣,2♡,2♠
J♢,J♠,2♣,2♡,2♠
J♣,J♠,2♣,2♡,2♠
J♡,J♠,2♣,2♡,2♠
Q♢,Q♣,2♣,2♡,2♠
Q♢,Q♡,2♣,2♡,2♠
Q♣,Q♡,2♣,2♡,2♠
Q♢,Q♠,2♣,2♡,2♠
Q♣,Q♠,2♣,2♡,2♠
Q♡,Q♠,2♣,2♡,2♠
K♢,K♣,2♣,2♡,2♠
K♢,K♡,2♣,2♡,2♠
K♣,K♡,2♣,2♡,2♠
K♢,K♠,2♣,2♡,2♠
K♣,K♠,2♣,2♡,2♠
K♡,K♠,2♣,2♡,2♠
A♢,A♣,2♣,2♡,2♠
A♢,A♡,2♣,2♡,2♠
A♣,A♡,2♣,2♡,2♠
A♢,A♠,2♣,2♡,2♠
A♣,A♠,2♣,2♡,2♠
A♡,A♠,2♣,2♡,2♠
